Temperature_C,Vibration_Hz,Power_Consumption_kW,Network_Latency_ms,Packet_Loss_%,Quality_Control_Defect_Rate_%,Production_Speed_units_per_hr,Predictive_Maintenance_Score,Error_Rate_%,Operation_Mode,Efficiency_Status
68.64615571245702,2.354435620019801,7.333588984364069,47.061955816835166,2.1554711772484647,4.333633439606916,481.36700384310285,0.7210306893928251,5.468507929272573,Active,Medium
69.4403549654153,1.7419549195919266,3.48075211797001,1.00002542338376,3.865061133317793,7.363161225172026,77.66479303695962,0.3757595897271764,4.2851011533163845,Active,Medium
85.43124023092695,2.230682566808231,5.911459051639912,5.437095008381814,1.7077255826725721,5.328669949432606,126.17563705994233,0.607891803620212,4.899793123009759,Active,Low
54.988378328613265,1.1053546420834115,5.349422939920592,18.020093871045255,2.48544016971026,4.347147749673687,326.5694080199302,0.1340015171599265,12.238865233317249,Active,Low
37.03297601606606,2.8283455837089777,7.55611052397563,27.975469617707553,2.326506358354764,4.1405237269905495,83.5652084287711,0.29148432014786035,5.506818238603625,Active,Low
78.35423788762667,0.9512146782022588,6.075450712459752,33.77563476061522,3.7746816232709453,7.587762043529083,374.1391914630375,0.43955278575476403,4.800766868667031,Active,Medium
65.78001355980263,3.9295032510364365,4.571343461098953,22.933974057963336,0.8966751639169842,1.559345775172047,381.62340874935296,0.8910856617130808,7.191871719825344,Active,Low
77.42589722306096,3.9258525509751485,7.69614887396097,46.67228497356733,2.981506199077644,9.999900333514017,156.17634107589024,0.3842529256743926,7.240199766667558,Active,Low
61.54939548793899,2.1271245850944966,5.9708596410745765,1.00002542338376,2.1763719139459363,6.038599648865748,468.1857466449963,0.3497016278799885,3.9985557972084305,Maintenance,Low
51.34940199046083,3.2590703226148463,8.584957973054252,29.18630470246421,2.9473463035200638,8.96479853927108,298.7552623829805,0.41005837475958695,10.42270243651447,Active,Low
53.24887576648079,0.48036332004830207,6.471800063921758,29.241917926334075,2.5007984963451144,4.332335281117934,91.7809895733288,0.37789702442251616,6.018125564427706,Maintenance,High
46.14341873421297,2.853909592046624,1.5001828372282835,12.238942454632056,4.519713898502788,4.955311914424374,58.19857402177967,0.18962334073177461,3.200349495612856,Active,Low
61.08484068140592,4.999973585355236,5.274400387324449,29.813696655812617,2.44331982883167,1.6387290261440661,424.5940209270906,0.7165535887857627,10.933932539316505,Active,Low
44.28792354587694,4.537097173932169,9.15889625209617,13.120303552993283,2.6043987740419015,3.585911729077798,396.0169107640891,0.9922758135341826,11.29189315306563,Active,Low
33.1789474760449,2.6469155895080783,3.141935356919171,32.24310373795583,1.166438358035752,9.478299508056319,174.01750528617072,0.40636936750826247,11.031426337317725,Idle,Low
38.71890350598797,4.478667182607612,9.99988898643713,20.973561228977427,2.1962965419221407,0.8562075655465771,430.82623990161994,0.8746685689236402,3.744244415285127,Idle,Low
64.38080559736909,3.039880514369373,4.079004587741527,28.835217851263568,2.9164019239659438,2.948855287706619,499.99676771056613,0.6362344971320225,2.338731833940994,Idle,Low
71.41509257151525,1.48769599019548,2.974944170827613,36.42828364270936,4.32405053081295,6.232882822979064,398.2770810306118,0.24879857219051815,8.13654198242725,Active,Medium
44.63218868165143,1.3962997661738987,5.556932004259925,30.372944092573515,2.8927586988618974,7.394126516225039,277.607830150113,0.9191855051683934,6.356575576211298,Active,Medium
89.99897908395114,1.1881327656164653,8.141261699497733,26.148409902440722,2.2952976980150654,4.650849881043167,372.23236400746674,0.3687078685450562,10.873307379089246,Active,Low
52.306373864385876,3.7610152427840915,6.270730840389443,7.964843557599547,2.7433657098527657,6.119932897577071,160.92921882696373,0.5437830099130734,7.7564870925144085,Idle,Low
40.24151246917258,3.7837096615785164,8.359470232004476,12.013698175235783,4.488028092483091,7.6188757331227,197.3502423782021,0.5873141534700485,8.619325112698656,Maintenance,Medium
68.96375186479031,4.999973585355236,7.145336242388503,41.5906673291917,3.8703032173148393,6.887201095466843,234.90077549031457,0.718585735445883,4.153210226479584,Active,Low
55.93899346712482,2.4939083314268955,4.435326126023531,1.00002542338376,3.0091063240541667,3.8134349343896625,286.3499276840395,0.24143983769101363,6.052367303590092,Active,Low
47.65008237369598,3.5109961671254815,3.9556029465822,28.61217895724734,2.5591909820351515,3.129808420879276,499.99676771056613,0.6824695387840012,0.0001122884510773,Idle,Low
63.27145083344637,1.9213813232122248,1.6544341768045183,14.656949035494407,4.891130049210898,4.044949241478763,234.56542969185563,0.5911605476092637,0.5136498888636948,Idle,Low
38.19886618756658,3.8479319270104297,9.99988898643713,40.13481180366573,0.3005529782871486,3.612436870060943,440.7375276260684,0.2950005513159789,9.428455100571153,Active,Low
73.46062816630769,2.522465207251847,3.45989470109647,7.270050069763617,2.3417037004308865,0.0004488894314802,106.7652764728361,0.9450440183011631,13.24163463519763,Active,Medium
85.00897800308054,0.5194678780461371,8.597158189745098,25.70011814485144,1.0768336054934684,6.3413583537004,301.8133721803568,0.32603431914104275,7.806754726373291,Maintenance,Low
53.36657947877615,0.1000109137489653,8.884880995049057,16.86946567372476,4.999974649170845,6.989447997582461,285.1496151307013,0.6262687587019264,7.033664549882552,Maintenance,Low
64.90914732053717,1.669382851712602,5.235765212347546,18.594072600944855,1.6428042370179632,7.458774987682489,322.3629296152051,0.2992634024616515,11.40467180667381,Idle,Low
65.3648810452004,1.6594820736238567,7.895091995644877,33.34656445016795,1.4685099890311748,0.0004488894314802,117.12394714548472,0.3061102678498873,12.542139724005837,Maintenance,Low
56.27051525420064,4.103768521214944,7.769247931010106,37.04299238464402,4.377580488128664,5.069374305765202,364.6362866157241,0.40977585437474096,8.909651785380726,Maintenance,Low
57.786959401277855,4.999973585355236,8.35708891692596,1.00002542338376,1.848602308295585,8.483401597084741,120.23451636149719,0.7219674852601824,10.396386151179435,Idle,Low
59.82930469191468,1.2811275103486575,5.931746633152373,15.993582810988613,3.9007822097317155,4.584741857469482,168.5217046020399,0.40656451150147627,9.294528052265129,Active,Low
50.27592410808573,1.9372129484236764,6.245553799993841,33.450665392517486,3.752733963478041,8.337578688574736,213.810444883451,0.3075471977362935,13.401401826396624,Active,Low
65.42738406098765,4.636299449032422,7.848284919145804,23.297166265231045,2.4659728068815427,2.1178463184393013,273.50782296660907,0.4160165724125398,8.903374308908178,Idle,Medium
45.71114030612345,3.246679959965697,5.963780934562771,5.142510770126631,1.275098503181823,4.019128475892207,335.4586087781289,0.5195017462868138,11.7684727092738,Maintenance,Medium
61.73352470489982,1.456825096788932,5.8060102210381705,32.5877329929826,4.587814538560428,7.775022981576913,499.99676771056613,0.2777647058008591,11.28639185939999,Active,Low
63.217535564782835,2.3930870474096397,8.139126950905302,5.04028373074165,3.624953542101147,4.5539830119141955,99.62749566109214,0.7976141398883271,0.0001122884510773,Active,Low
65.96177839845393,4.999973585355236,8.075675106334954,17.409302569847725,1.1967608895174828,6.427336868452936,104.15808721221624,0.9999778779186006,12.618030060784749,Maintenance,Low
51.913817174662434,2.967801508615693,3.056037555163652,30.369699477610943,2.3687001158836876,5.803645995018592,312.1773250581595,2.542233038416164e-06,3.596183694962366,Active,Low
60.13229630296093,2.616395368620312,4.642696922495247,34.350732821137264,0.9525508146644917,4.598231348870876,291.5664122549692,0.6479620366821449,10.589588372402128,Active,Low
40.55901633538679,1.3792131648578376,5.001075214814082,28.97755493694876,4.999974649170845,5.340028359762721,477.73080080925484,0.5484755944827642,12.504451544916218,Active,Low
55.72859336244771,3.9238832624789945,7.3279202042689455,44.881734780231405,1.100770560433172,6.987149563553812,413.61406079098884,2.542233038416164e-06,2.3736140517648208,Maintenance,Low
30.000137890957085,2.8329742795540866,1.5001828372282835,18.682841880243327,4.419387532467514,7.839261115021553,318.9394391467211,0.49513427708138963,10.957231402294445,Active,Medium
66.69471545251034,2.503724341814313,1.5001828372282835,24.297177041161483,0.610712983259694,6.939918253011768,323.60961692704495,0.2279350549632589,5.2760265213830815,Idle,Medium
41.692450994941616,4.999973585355236,4.96309137544618,19.24811030758335,1.8068948462193797,2.657179225289135,203.18884509410782,0.08520075553195103,6.673633689837667,Active,Medium
89.99897908395114,2.599825987188769,4.030712630425383,28.577178132716192,2.331298360027662,4.371603701533181,355.8175033921116,0.7181636313672011,5.203902225670133,Active,Low
50.06642228080762,4.999973585355236,4.984259917632737,16.708623108626014,2.623709327409518e-05,7.46396557323757,147.3889411935421,0.5076511167517345,11.703949587411351,Active,Low
57.82551162351892,1.1987036248350929,1.8080946169519039,28.428680358720637,1.401797895474413,0.9075014624819918,191.79920160371185,0.18701934854345592,14.819371123892662,Idle,Low
75.31431338722014,1.3140487358624748,5.737849960596516,49.99991742818677,3.9576658633686472,3.738538186198968,481.7345753685004,0.38730545433243946,4.605978582257136,Active,Low
76.08585211327302,4.999973585355236,2.317661663613357,33.50517200014127,1.554363635039778,3.6040992949001773,198.84771592278474,0.24985283430078647,7.714484873691952,Active,Low
45.64671219121532,3.1018264177876325,5.537794633461622,28.906819804480165,2.888265218700349,2.9210268183550108,206.6292822585782,0.6519701268658319,8.40381370309716,Active,Low
31.12195420082359,3.3183390033349656,4.121659054779161,33.61290536283041,1.3918271731415346,0.0004488894314802,64.17811133280614,0.5132726962648564,8.630229938196804,Active,Low
44.37576673316053,0.9390681446720156,6.402238861247417,49.99991742818677,0.16829774217273055,4.580433592567619,222.9070268225856,0.32552837499228776,10.800469958553704,Active,Medium
69.21938207429045,4.5885195076017125,1.5001828372282835,14.302854394768522,3.3262909108329226,4.423291147961991,324.20124910233363,0.324945980129747,7.879544461653134,Active,Low
57.34462471783617,2.3804744745336848,6.024710828136107,17.16060217056305,3.3425369546379575,4.090420562175645,234.40799754894604,0.6563504306934388,11.991409839304824,Active,Low
75.13215861731754,2.0889202817087407,8.690429450461439,19.793285917252707,2.623709327409518e-05,2.1018219409517807,50.000374764752834,0.3978632389458719,7.5839603120258055,Active,Low
89.08278023953055,2.2117299240934254,7.763582129876712,38.15713691873624,2.6314247757075453,2.457292522541879,313.24649075314943,0.5470954921619585,9.970950492546978,Active,Low
65.9053121227928,1.9626891377636708,7.29704869848164,49.99991742818677,2.755901009599549,5.724591524871386,216.15489899596545,0.2539385069320882,11.104350037445455,Active,Low
45.211314971158956,4.684966753850723,6.731424429268797,20.648278608161938,3.690091726874238,8.720012287491437,218.0703599411849,0.3759438879539217,5.107885427250388,Idle,Low
75.10584837297898,4.467002524476023,6.759369950724991,49.99991742818677,1.376629448714684,1.4196376925171013,50.000374764752834,0.9314630385563906,10.34136168984656,Active,Low
59.078551988992686,2.805252337738816,9.99988898643713,22.691277156271394,2.5611301562729336,9.999900333514017,352.70921790822354,0.5620175248123014,9.421072097687523,Active,Low
89.99897908395114,4.452553242977821,9.651260592718764,18.3368666376825,1.0651486243680013,4.646078765493734,283.1659623309292,0.815402490763953,0.16574918754812257,Active,Low
86.53822197050664,4.064483537863482,4.317327209105139,37.58998611761922,2.623709327409518e-05,4.34591031776519,357.6353880440255,0.8662146290193734,3.9552808903180083,Active,Low
55.54449580242381,0.4243243008501767,5.1435464200315355,21.704555995931393,2.623709327409518e-05,4.85223797530291,245.87245974240068,0.700458969780003,14.999868808717553,Active,Low
79.55721206558913,1.1115202685393326,7.012425407269963,14.271572462426056,2.2559485368695475,5.010822261711465,296.50493571808926,0.3036947798515944,8.151391174004784,Idle,Medium
63.47292781224922,2.3458149471489738,4.339728376643808,17.83355671577174,2.446146477950616,3.44175066129348,183.17730348031722,0.5301236063372868,6.398545385579544,Active,Low
86.09548625665309,0.1000109137489653,2.704784682051594,8.928026308794532,2.787415655862533,5.8446145454775005,242.76486934252358,0.456098316557321,9.792433349391134,Active,Low
40.80268926267765,4.999973585355236,8.039530031339286,43.51094153104373,3.534988072296137,1.7529979463931586,207.67786788546996,0.6407231340657996,2.2050808182445203,Active,Low
72.39289962329916,3.7008655253005274,3.440720573680064,28.869083778408037,2.8582135423134885,9.756466120876777,144.89712796074338,0.3095671961402539,3.4398231980564375,Idle,Medium
65.69113826318801,0.7807257670914157,8.010969361669297,22.944661215676945,1.7389864451756294,8.033798560895942,184.28339924419652,0.09260234685454176,0.7547176248811008,Active,Medium
70.53951278984154,4.312943148465256,1.5001828372282835,1.00002542338376,1.7069469219169637,7.811218366270332,271.8887522283352,0.4024260347873477,13.340408086185223,Active,Low
65.37358160687933,0.1315641029824898,2.4411619477593587,36.05107207552701,2.7400238293116836,4.4782597340440775,278.31452182690424,0.5997714303304867,5.163758188991193,Active,Low
46.55870080538941,0.24550793546789026,7.098696272352023,49.99991742818677,3.5290988202059537,3.6559408735102354,344.4692441910873,0.9674171921662361,14.31360184151946,Active,Medium
30.000137890957085,0.7404749273417559,4.214329781768823,25.92404497490564,3.2405415876077157,2.916003424323678,300.21410004869455,0.28122025369829906,4.852622418055875,Active,Low
35.67353411895651,4.446743831745722,3.5795506968370194,33.66046817987929,2.623709327409518e-05,9.999900333514017,236.29484254886438,0.5269150546496358,8.280385096333308,Active,Low
50.069547642435275,2.7224961917840353,9.99988898643713,24.199180953541546,4.15213336021436,2.9810802356632338,271.36443054768046,0.9999778779186006,4.7856360530065025,Active,Low
89.99897908395114,3.2566511599612546,7.051463853378018,10.195328062251043,3.834915240871763,0.0004488894314802,424.7647585404419,0.11833950991028964,6.52312434810381,Active,Medium
66.62771613477655,3.4134044513967003,7.118126985567584,40.81706279969962,3.696995579151181,6.332928258603865,266.78798342435266,0.01967702018156494,9.366880132477045,Active,Medium
63.63928158733607,3.707399959367374,6.0740259644509385,31.86251119232266,2.185608155616266,8.264665477622204,265.45448218073204,0.36495677206201016,11.347947605749695,Idle,Low
61.70658149922581,1.896243037344145,4.680861351729451,21.189874784059842,2.8140180225855267,3.6282550796206423,439.2862937215926,0.24101036362546152,6.6938440813776054,Active,Low
52.42389286804978,1.6299494742141156,8.303942495679326,37.80911959912279,2.901911077999856,1.117403914791516,352.0885050537943,0.7054246069286964,7.707961887196969,Idle,Low
51.080347745955294,4.542954676575949,9.99988898643713,20.432064007025307,1.850436694203454,9.19988175607247,481.4137515884302,0.34837602870017337,5.682213711349848,Active,Low
55.160036730873664,1.1271835280334797,3.169859632530047,1.00002542338376,0.7508167729509818,1.9216165471824822,364.7234860302736,0.45152204027527487,3.9244499542249294,Idle,High
59.1845868548785,3.5042391067371463,2.993833738952708,30.95553510370272,2.733654334441186,6.428871245550644,313.5362663180142,0.9999778779186006,4.7389257621688765,Active,Low
50.842872059139786,3.3353320325626012,4.219105055997855,18.552160613935314,2.250782720490672,3.932047436105065,123.23848771396885,0.7292537251440901,12.050421436033876,Active,Low
50.47516747237316,3.445004628712879,6.243348375525534,4.1521635057398605,4.72689060927771,9.999900333514017,196.1944202171092,0.3874116308325005,8.743582791093141,Active,Low
65.83533286911518,1.3471642748580355,6.00266370485191,1.00002542338376,0.6787332776754132,7.5582578326459116,152.2353176978831,0.25651922139147754,7.468207259897457,Active,Low
51.0747549571488,2.866423370932898,5.70567219169622,42.336633561996514,4.999974649170845,3.4779579674255667,212.2417740326436,0.8009529616120048,10.460710845532846,Active,Low
89.99897908395114,2.8893814150544532,6.494925456350193,38.730239507157684,3.102024780754385,6.178471934381917,368.9365148204055,0.6444898614001879,11.221896682608643,Active,Low
83.98492697593495,3.467316818253001,5.336277526310772,27.627328047957057,4.234740005197515,2.653036557236546,323.87957614532814,0.38578351573176084,7.628734700145119,Active,Low
82.18838375486965,3.706364763821208,2.0950238260806184,25.90358467722303,2.6232496485921017,7.18108420779153,100.2532023331113,0.9312000547291757,8.430379475748193,Active,Low
64.36159124027019,4.780677629693415,5.512334022029446,29.495615048077607,3.3707789049406083,5.5469246385452005,217.8366985977038,0.5554409378227765,12.159255948409644,Active,Low
42.2588900702754,0.1000109137489653,8.111441895962969,18.775793583096018,2.6778725451779026,6.067406594270433,207.5106776329527,0.46153943744612613,0.0001122884510773,Idle,Low
50.42360516049308,4.999973585355236,2.196455340003907,1.00002542338376,3.128479287994177,3.561049503702773,143.05710870331293,0.7039680787212389,8.561194718442064,Active,Low
50.26979033194666,2.2354390130571273,2.934423257848283,23.937517648552824,3.40739616945191,1.4697988401560442,491.8949826931252,0.7587075224712554,6.60844633268205,Active,Medium
38.36074370302221,4.591624906342214,5.544554389719484,41.33268378068057,2.9880645670826205,6.325930004528884,350.04127685921395,0.6286894266763289,10.290879299298588,Active,Medium
83.06668346217515,4.316488407835046,6.950494690460603,11.001106991012476,2.421591731565418,6.090117401170733,177.38100112226704,0.10709792971275302,6.133532587544844,Active,High
62.26064165737896,1.5868655369142286,7.806573917751013,16.340074192977603,1.8494539526762213,0.0004488894314802,217.07267796761766,2.542233038416164e-06,0.63646190985039,Active,Low
73.21430216937047,3.07619978673866,6.9197743799990326,25.21422231879061,1.66930278019143,4.2494738017852365,223.44961356072676,0.9999778779186006,7.4060954823547345,Idle,Medium
56.21364357459624,2.587978839735053,6.256731790779397,1.00002542338376,2.1366739805336135,3.0421913979809,145.60867397199664,0.4181995254649335,14.999868808717553,Idle,Low
71.1429315628463,1.8521399223414785,4.65515464731926,29.446037582734274,1.3408996181556772,9.999900333514017,322.48134936509865,0.6129648527512789,10.458775261282888,Idle,Low
78.2231094522022,1.7930684637303524,8.97521841327366,28.345875792739342,4.999974649170845,3.021418707261865,499.99676771056613,0.5565444340622001,4.679619290088481,Idle,Low
51.65898919839655,1.0911793624150914,4.448475977375565,34.291942675548995,4.123341670909368,9.999900333514017,263.34520397577467,0.22986039572245948,10.770442428110693,Maintenance,Low
60.699801727022255,2.719698359216657,7.249827684198443,11.1130131182296,2.121953817276915,0.19716694685889827,327.8540119691819,0.6863040929576654,5.409053789569952,Active,Low
87.30800504268669,0.34136610289509944,9.99988898643713,24.067405675438987,4.999974649170845,0.2999171406233537,201.4009324403592,0.7305798811677351,8.281416206604908,Active,Low
85.61991767245779,4.501582864703703,4.212505732987162,31.14466553416867,3.206438732998133,5.760502336235231,204.3233341474677,0.30541115419168247,7.393300332701967,Active,Low
80.35692182545885,2.3283222194703543,8.350162673882053,1.00002542338376,2.832875908091559,1.6765338581969154,317.4462891612391,0.6074822767026316,7.127550193306577,Active,Low
37.613383696115406,4.1915149904572555,4.59946697753691,30.448517075727953,2.425699186148632,6.384432691736005,285.9106137039065,0.12883952002003338,11.823809641184374,Active,Low
51.48799586685395,3.467619898008956,2.3337695423667566,13.716952570247503,3.2448791998934,7.451499247183244,434.9598941618235,0.8501518969409795,7.115939386886773,Idle,Low
77.88930346157281,2.887636978559294,5.110946772790072,22.783010834132543,2.390078230272968,4.901469739330763,370.5786667237427,0.5143877879602577,10.680751453246474,Active,Low
58.64318595595571,1.7173726316148037,5.768705752218422,27.523242629084994,3.1465497015361183,4.623606582959407,417.1841608450463,2.542233038416164e-06,14.999868808717553,Active,Medium
79.23877262644646,1.0794001393149089,7.248003773045825,10.680593170110383,1.5931495841796468,9.999900333514017,251.10913668764732,0.5621826788771715,11.27662349271364,Maintenance,Medium
68.62827353998188,2.5062798278494562,9.99988898643713,39.15342290481972,2.9373990644574275,3.714268477535122,284.6976741694345,0.5564448530742396,9.451907992446776,Active,Low
71.10633381147935,0.9336051129019939,9.749911744279727,9.368353518303799,2.9302039304975382,2.8337265574578323,267.5721248615263,0.5943361621639619,8.897471658792133,Active,Low
67.35049189854895,3.3480961819305257,6.617479936348649,1.7651724766366943,1.145802416267177,8.027774299319411,350.0650878571126,0.7077543747725084,10.25911527107104,Active,Low
57.44200986777175,2.7275398709125662,5.321683289132471,25.775607528144437,0.9111943257521888,0.8561803584152231,483.3564777459039,0.2547711626193677,3.2055258183342907,Active,Medium
30.000137890957085,0.7212875518061737,4.272779383258715,27.95182456580838,1.482960158977611,8.151035848505163,475.48211064852984,2.542233038416164e-06,4.542716287003609,Idle,Low
30.000137890957085,4.999973585355236,2.3397111045265255,2.3213418053066004,3.969266514223335,9.999900333514017,456.005916068444,0.6622497275769708,10.08289321744518,Maintenance,Low
74.82537889777575,2.192629283932546,6.7070344091290135,22.888255122281354,3.2916540213812637,4.911665545171596,152.27897929517675,0.24795190756080213,3.236397287203308,Active,Low
63.15780756078318,4.5184264317290825,7.99697159401997,3.3789603729192828,1.0651149725685263,7.721676202728747,148.097767899635,0.4345080037182269,9.889068933773702,Active,Low
43.26659742865269,4.999973585355236,6.29080422944663,27.821665272344518,1.140742595984559,9.038483617191918,266.14030185518584,0.3321726540005835,7.780246395375717,Active,Low
62.16004714349585,3.3182510964922245,5.8656984038747355,26.12880501933294,1.480252846711025,3.0972213506587396,93.4417375804118,0.9999778779186006,2.1108382652391433,Idle,Medium
48.03809710847658,3.685363458548864,4.372119111059031,49.99991742818677,1.2981085042826332,5.69937927305672,174.1782602172648,0.9999778779186006,2.1370370131001244,Active,Low
71.02052590700553,3.1351232020703774,5.291738973693129,23.722452861796345,2.556650290821949,4.584901554532569,401.31400197503046,0.9999778779186006,5.0868736237403835,Active,Low
36.31203603992774,2.9945369447175763,5.740821201767534,31.409264267431023,1.378772959689064,0.8689609232921615,50.000374764752834,0.7813780649877226,12.291142579262967,Maintenance,Medium
69.89808748780257,4.852717970807254,4.816584491296113,22.68091053678284,1.6538941189162295,2.0825866777147164,191.4473336361235,0.14589452783928375,7.651882512081442,Active,Medium
46.70302926102239,1.670629007457354,7.465184283115175,40.11500960701117,2.6500750794926295,6.342866110569752,499.99676771056613,0.16072135396727483,2.1559104876544977,Active,Low
89.01582721807574,3.142504818785507,4.017754361892367,24.7681179074593,3.2992364516457893,5.227980409139663,346.0068046951749,0.23348206458493362,8.238431083953932,Active,Low
35.55134639426259,4.789178999579868,4.993927414249693,44.11042955832347,0.7405007521782426,3.4691906755605895,92.85125973653487,0.5204675653449811,10.886438141269878,Idle,Low
89.99897908395114,3.1061601085744797,6.216693494129607,21.19066073509557,2.6861543440879463,4.569134144934235,368.0390626007187,0.7756937408452241,4.096131422496748,Active,Medium
36.98019376287055,2.6732514779302465,7.481647155814897,13.579822947646758,0.18271071541464315,9.999900333514017,128.71780276754924,0.7409267670141748,7.639670065842375,Active,Low
61.45900786351978,2.4101163603157914,7.9988342580870695,21.45672293062066,2.8793384476406327,5.936475291440326,188.99983269701843,0.7859004225712013,6.745492788889189,Active,Medium
46.94950552458571,1.0841091963944425,8.964615319885366,26.269223594821327,2.7394924117960695,4.359558836474781,301.6207281470853,0.9999778779186006,6.202723015446199,Idle,Low
60.22079933989597,0.6948562391003149,3.13504741086549,21.24561533466981,1.6137259765543117,4.469643436020937,283.2863035965289,0.6523675761645733,7.198424748444975,Active,Low
68.4692419898986,0.1000109137489653,6.464811582483332,29.556022135843385,1.3484961718426216,6.566310945471801,109.06723956612404,0.22024185816519515,9.312994677972515,Active,Low
56.34393689138292,4.65803446286107,6.110353310819112,20.795710092473577,1.6081109793091541,4.136584665371779,225.41572670800963,0.5486036311698742,8.200332244904084,Idle,Low
60.09422537780929,0.38026623199404813,7.98255479751088,32.60931930911741,4.999974649170845,1.9983371743597274,248.73121442970947,0.46227040331149843,11.793903312451356,Active,Low
39.77131254040528,0.1000109137489653,7.073200786170326,36.27546597915072,1.6613565802155608,0.0004488894314802,204.85161932524568,0.6125434315621732,1.0916930914220548,Active,Low
63.217845893967095,1.1441667087375178,5.670089300782314,1.00002542338376,4.999974649170845,1.5684197183196598,270.70093351456933,0.8367822643043886,3.7626321588660696,Active,Low
36.2756890577648,0.26817863195152125,9.352165633443093,22.599810545770005,1.5277638719185995,8.007544112232125,197.12762483663982,0.9999778779186006,10.443516336300325,Active,High
51.5892532221504,2.425031146201664,8.004406290169733,45.47390921250459,4.246243131330518,5.806265831619234,379.9286926207357,0.31440190194581535,8.234244205745764,Active,Low
68.00966514404077,1.591583470401245,9.99988898643713,27.48360195372565,1.9661597105748942,5.541362573549874,100.65938075612551,0.21876977166507958,12.708970224952227,Active,Low
48.66192280954239,1.9116084162037352,4.677044085637833,29.54534836301941,1.471793840566636,2.7546083611579797,390.3485865227614,0.6747328229977272,13.189148955044221,Active,Low
54.45159894738196,2.195249196198282,9.001692321909095,33.41000900148836,3.1513888225497704,9.999900333514017,192.19660257795294,0.7673579485084324,7.75130312299764,Active,Low
64.6943462970321,3.604616305911642,7.200584601746159,13.50021243826247,3.0118555546208605,6.6144916105722515,248.54782058379163,0.3276056448867439,1.948526427667749,Active,Low
89.99897908395114,0.9898824718715873,5.203576664026489,21.64680590572369,2.937090120876718,7.361119969044083,387.8612510796869,0.3309844219303079,6.779477729296594,Idle,Low
64.93665805531556,4.266328868105955,5.402646235940373,38.10330944321008,3.5534287252660244,2.0132486462441856,341.3421041892468,0.5936176692005264,7.635528332146366,Maintenance,Medium
66.96534777981705,1.62885769454888,4.45014665501957,33.83552405955679,4.280598707834686,5.070146364400668,316.09453957179596,0.9910079192623933,8.547980926148858,Active,Low
89.99897908395114,4.999973585355236,7.274416095039403,30.19643723594575,3.7926939559834025,3.2140753511212266,338.11434717695084,0.42704653668104936,7.4190147344086705,Active,Low
56.42049890840498,1.3472151897155398,4.322909123753507,33.8667928639819,4.903546198898652,6.146907142898444,120.33565461937245,0.6277924029163181,12.692570038843654,Active,Low
49.47804434378277,0.499678003385939,3.0340685021819738,19.142118659665375,1.3094384222839508,2.652316230075476,50.000374764752834,0.6695127618749689,8.972757070606644,Active,Low
35.47077192766368,0.1000109137489653,2.0061327776742313,43.384264328795105,1.6969365100495952,9.999900333514017,202.50946540776857,0.5526860346065101,14.19052880389851,Active,Low
89.99897908395114,4.856299328838382,8.090423200436767,16.733117480586888,3.6882319419136262,4.988497159768601,446.65660740853394,0.8216727882870514,4.688951983786055,Idle,Medium
61.57295193910287,4.639373568266965,2.947340263737691,22.82100117789155,1.4588481972043124,0.0004488894314802,265.159824151032,0.464222775229409,14.066261111400793,Maintenance,Medium
70.96915910578909,2.818427748124203,7.159719208316644,49.99991742818677,0.9394607054886878,4.000641436422239,309.95786397555975,0.830772518017525,6.185016963718179,Active,Low
89.99897908395114,4.7323007073310315,4.547626967752801,9.745772573387182,2.6967556768792447,0.0004488894314802,317.95943969871706,0.4567554773576244,5.483414237708392,Idle,Low
32.41603839667807,2.028386188719722,6.730779261019881,22.842865852412938,4.500288950812997,1.8038622376302358,269.1975803368418,0.5587901305569147,5.8631626493059,Active,Low
88.81984644709414,1.9035668448493206,4.269744471680604,32.1750674602858,1.052475795553001,5.879073304456878,375.5809878172043,0.853740099243578,7.069842452928334,Active,Low
56.51316969081206,3.0520055828936568,5.2039211369013705,13.69020870807037,1.1615226349802137,4.132659530132137,479.9218848599437,0.34744662510662033,7.443312869267365,Active,Low
30.000137890957085,3.8001110403871894,7.5521328891827295,21.58306117117924,2.5901042659246056,6.496602660881284,72.63396452405472,0.34658750716647585,10.947949332196883,Active,Low
38.31310481745965,0.6647055333860906,9.99988898643713,26.68518674526917,2.9955418316349376,2.677593414815602,234.9013479685228,0.3761318552224085,5.154759871713392,Active,Low
63.51596629526854,4.174277581016003,3.255875056073712,26.426585807294227,3.1123175913015513,7.00749136873506,298.8708224204847,0.39338248237006584,3.9157548449886144,Active,Low
61.533749396312984,0.759192960170324,5.603794810962309,19.224150934311474,4.999974649170845,9.999900333514017,141.3476341356917,0.2941079330799927,7.823959661744397,Active,Low
56.87309995144616,4.4942082859772645,4.162496191973851,14.27042252683696,1.7966877692611256,2.259724870655143,291.8753513001289,0.9686143283389606,8.904938322068707,Idle,Low
55.66987878408782,2.0402037984761554,6.999546903197073,30.038563973633764,2.4473512868616565,4.832777384772521,180.18342706849407,0.5234568769832298,11.325259460328027,Active,Low
65.21682604645555,1.486831074353859,4.700811338676872,41.77254366867484,2.6568984903021717,0.8612928223393476,395.5051520321086,0.3064160182318856,14.999868808717553,Idle,Low
78.75138765116486,3.632317581314794,5.275722863895642,8.340796986196063,2.663322218932618,7.842220007002218,361.3068337500911,0.7402000011646946,5.649395876946661,Maintenance,Medium
54.24206584432022,1.9791487955020561,3.404665313867231,31.53715952128842,4.999974649170845,1.9303977874164553,279.06720046796886,0.9072535986396744,7.158783326737687,Maintenance,Low
67.87800253290462,4.174413525964394,9.256986974733163,8.765878813540905,2.125020187998715,5.103172746324848,241.19154990871615,0.9999778779186006,8.475146969428167,Idle,Low
63.40882387866061,2.050536979665338,6.575644626123878,21.384327696487528,2.7365535348180146,8.808317558913007,144.9682648147643,0.8285975295693062,13.214974337659552,Active,Low
57.99612930728487,2.421034172926899,1.5001828372282835,18.51836475580173,3.926138789524665,6.582760711572746,166.6504299703692,0.33612318456676826,5.723310020507496,Active,Medium
88.02499524268838,2.094156881840002,8.729513975403844,47.03775559818455,3.934253387902535,3.764157385472167,328.4403544642711,0.4923970902525588,3.585742674538855,Active,Low
65.66041133480522,4.239379441028755,2.9971218327760716,19.87813230716032,3.2500753531938757,3.540457197713153,377.07072244207274,0.8967539589961372,11.894394482733256,Active,Low
42.71248128574317,1.5915416111587033,7.005656324207284,28.09145047532644,2.9994732822399417,6.419458573460889,358.49161489622685,0.8198815053442041,9.281031286099115,Active,Low
55.86209478624456,1.1834707297625398,6.113953391771401,1.4814418336013986,2.623709327409518e-05,5.414908396618903,419.1006526258577,0.5724366995602379,7.229004584724226,Active,Low
50.76784111648759,2.421933327350287,6.559702756575288,28.245619470182188,3.5173509218476764,3.7530089655867283,342.66979413629906,0.4244245024772208,10.707505683035041,Active,Medium
70.70161555108857,3.806640568388952,4.454709080089814,34.8665733489257,1.9356270341593749,5.987852640336063,191.9034786348404,0.23636146965406934,7.902416132723386,Active,Low
59.705048001266995,2.121224237154227,7.706803169489485,2.732088374274152,0.9726671662747319,1.9296191764525876,399.54838877336755,0.9934334993878091,7.0512191628339975,Idle,Medium
57.11691963328515,2.667504553993753,4.600932333634414,15.193977056706332,2.5454676966645753,6.010967797165071,427.28519918181223,0.5759656299363867,10.287444294344926,Idle,Medium
63.3256258259153,3.9655648466841655,1.5001828372282835,35.12773300545364,1.5494087148406914,0.0004488894314802,342.42219390655254,0.8961163660220667,6.908137640554359,Active,Medium
76.54833058035852,4.277739618633393,9.99988898643713,11.231255941698453,3.6233137426485906,2.2246324493568843,279.84025127475167,0.42527902893614283,0.0001122884510773,Active,Low
62.1757645819221,3.329829042344042,5.852810545177224,49.4910253524382,1.594765470951668,5.569989157452872,179.32320867528003,0.11814466988453635,4.851532859749162,Active,Low
59.399861213887924,2.2385757602035157,1.5001828372282835,31.93867309799957,0.7036730438274198,2.4298495918690755,188.82813846975654,0.4401970862137231,7.533880172262691,Active,Low
54.68495615384221,1.4863144153994647,6.528312226924574,44.48379612031964,2.623709327409518e-05,5.340503042727898,255.08354538165827,0.6932772477685845,8.428498580496003,Active,Low
47.01491508570347,2.696383386646085,1.5001828372282835,25.293566454000935,4.0465911275879165,3.8579009303302696,190.9764834063036,0.10148640400288375,0.0001122884510773,Active,Low
64.66895687760102,3.269360486510474,1.8700029698318257,38.19423912972492,1.7962294875560139,5.432108269376952,485.66121769992253,0.7584044926403231,6.339779117941596,Active,Low
44.60312382663078,1.2940052206960686,4.993680434486374,47.03891979693233,1.7848616959785184,6.485024376287486,254.01994625404507,0.8535875825589635,12.521149944151617,Active,Low
58.33359281229122,2.576614612198297,7.4819543034448195,28.848808150456573,3.8690545992894636,5.8367764556888915,196.2401253165873,0.6037922410987198,2.5450220239996773,Active,Low
61.922064018268244,0.15004816368748644,4.163463832185755,49.99991742818677,1.792491231348203,0.0004488894314802,371.2317293268348,0.746453586382221,13.085805053863096,Idle,Medium
48.84670924964117,4.999973585355236,2.8200023540020145,38.53477334968998,3.937531666544049,3.07496149153464,457.0717324579959,0.42716827865424084,8.755845739875628,Maintenance,Low
64.55107549870341,0.1000109137489653,4.0467407059216365,1.00002542338376,4.183845619330318,9.581281244440698,377.33553290013623,0.21438788979020035,13.929995819398652,Active,Medium
40.88707381863152,2.2460332940333454,4.990853787412678,36.56501737738967,4.384551407853557,9.03349230186587,202.78001127236243,0.43895898973878245,0.20488688351150952,Active,Low
46.081179853569076,0.24650178709634313,8.865140141061778,49.99991742818677,1.8264877503097807,4.876244087659468,126.73880867017175,0.5009714333498065,5.441491489958605,Maintenance,Medium
52.481842003574556,2.3949567091286976,5.529327634423424,20.330783300717396,2.119905055047656,9.618770857490427,348.8902013754577,0.4140463787794164,10.526022080831309,Active,Low
54.2586241284155,0.3726753514347381,2.1026620578779482,33.024906654395686,2.623709327409518e-05,5.537382843989007,122.36388109851329,0.9536353530019319,8.590035772943454,Idle,Low
30.000137890957085,1.7825493577191736,3.814858051469745,16.788780784563254,2.2507409767687947,3.6474546551567713,50.000374764752834,0.7153917562431394,2.8527977307624255,Active,Medium
64.1859887063799,2.2596569039423784,9.99988898643713,29.67692891841657,3.7915917461714694,9.999900333514017,422.5821282565261,0.3700213213164333,1.972224645128365,Active,Low
89.99897908395114,0.4245684140768469,6.367913709584439,32.159801730214454,4.060504295511716,5.291356936073033,315.9927422539248,0.3862716814308727,8.671006611721847,Active,Medium
54.096257134544494,2.3737335068271497,2.8715898888756946,25.365387229576783,3.0570494745044927,5.7449294482012805,411.9842366716851,0.08116675090296105,3.8500557443431043,Active,Low
49.722676353131526,4.4935884375173325,1.5001828372282835,49.99991742818677,4.017596492721154,5.652552724242638,268.77478554351205,0.5818570076870783,9.76363288496682,Active,Low
71.2186813112563,4.198556255042854,5.244754684901531,23.645725947990893,3.9418387421715604,9.999900333514017,300.9317027871939,0.9999778779186006,6.457352308816095,Idle,Low
46.65271501300398,3.1255823575698156,3.3641356263713007,6.074365126049099,1.5888944349776113,7.495661042912795,399.9149307049509,0.6475711523372166,10.648040193364988,Idle,Low
68.98333753117336,3.145843291505277,4.290266258879022,35.399240396385125,4.200021875125753,6.694318337329953,334.4151604352232,0.27784934444794396,8.422516998097992,Active,Low
57.21661069473097,1.4965721520678748,4.090884539517116,23.51490636831878,1.3497402338218807,4.1207480235680585,50.000374764752834,0.5609872315410189,7.509326947855443,Idle,Low
45.886837994557204,2.296532543619632,5.948190101869081,23.27703228042262,1.469311965196369,2.130821453140284,176.59627966292516,0.7514960342838424,4.772896336121493,Maintenance,Low
74.41064817277396,2.2758641429761997,5.097531715571149,1.00002542338376,3.410499967968661,1.4351988441673744,283.71337336307096,0.5794953394234398,13.40377455709452,Active,Low
37.368451767436085,2.561221362042848,8.20629273761413,49.99991742818677,0.6310703696979848,3.137555292716183,300.5166702107843,0.18014405036446363,10.895562723659955,Idle,High
68.29351724281292,3.2647576963928424,8.344790463545737,49.99991742818677,3.0597816904612696,3.541125097391692,272.58918588776794,2.542233038416164e-06,4.491896111708503,Active,Medium
52.951361548064064,1.66444682499315,5.783627196936091,39.042304545476156,1.002706278911714,2.5333232668227375,422.35179533411315,0.4205461049706282,4.132771569276112,Active,Low
51.791771130090204,3.786455928193454,6.389538003242963,28.289255883058747,3.7214963012158746,4.612671873751765,326.71458791294845,0.4695732651681203,8.654683732271934,Active,Low
49.946191789018016,4.768410539385558,2.4904059130003433,32.930096281368364,1.3151246840813762,5.561048303355441,284.81113081506834,0.19457499697809405,12.093579234155627,Active,Low
70.70860834890533,4.252403961882332,5.404108605753333,19.198605836129214,2.4941803719353213,6.742485748287723,88.07530005793565,2.542233038416164e-06,5.117029502165824,Active,Low
38.89476711700876,4.296577581169714,4.961297110589711,19.95444914051543,3.189832237323337,3.9401469196622023,499.99676771056613,0.42053329296694003,9.087246015500135,Active,Medium
33.12532625342116,3.706558445650479,6.668610734610013,12.817967730638177,1.2382572785624184,8.254184351711213,121.17753361700734,0.9738113829779793,3.599102117388178,Idle,Medium
71.10047342222066,1.3076728387629304,2.2834218519703904,1.00002542338376,2.6651944161121217,0.610295320456257,128.4104391760371,0.43641338547047,0.0001122884510773,Active,Low
89.99897908395114,3.659488715639506,5.6987167515938255,21.843401747002357,2.525842796167339,6.586515073555472,122.2962468831478,0.8212163592184726,10.605919253778275,Active,Medium
72.48276037608548,2.213827839486654,6.217148566879846,39.406013897207444,1.4221786761107247,0.0004488894314802,309.16566250011607,0.7849262022942157,1.6443715851751959,Maintenance,Low
63.044297275719565,2.894939583728286,5.198800042146182,46.59362085242256,0.1828771525202963,2.619697473480015,262.4832010238961,0.024809850642330003,6.741613689173978,Active,High
88.82350080449856,3.3094733350443226,5.8724793692171415,22.65059001102245,1.555266980161459,3.099441981403633,198.1433112115852,0.5972393713914592,3.193438454310735,Idle,Low
40.787408236119475,2.8985478418273956,6.967205446569407,41.655388388647836,4.774569827860925,2.081613552486839,170.4262821990574,0.1361795340916994,6.489414315701892,Active,Low
68.12029534946743,3.0167125818349425,7.265536307444366,10.176982643171105,2.2685254815516442,5.117987360112038,351.96740658517496,0.5004834902639828,0.45254823685221207,Active,Low
56.749367100676025,2.044485747757715,5.303740338151543,44.94128084734684,2.623709327409518e-05,9.43071698846109,90.66392426517497,0.4223722937149401,5.642940884107747,Maintenance,Low
70.23710654814508,2.6177824179110214,6.559368238277634,19.571575350988645,0.15912236579812422,2.942256156226909,296.3486373711345,0.5463879088958121,7.683515408386823,Active,Low
67.41920368802997,2.5770362403909077,4.173471192213051,32.44474610598345,4.999974649170845,4.458303451631262,369.5545958334177,0.12587030441760283,3.3570912870091023,Active,Medium
68.22506461731383,2.5409769515460416,9.57543913108534,34.28914440174215,2.1939717099667813,6.821551500273906,110.77195307054482,0.2984657621178158,2.803158807321221,Idle,Low
51.89880666460135,2.925944356116668,4.675410930586551,24.621776908393617,4.999974649170845,4.2964666063232295,229.29738429585313,0.31236623665254903,10.730839267692588,Maintenance,Low
56.902069045289544,0.6492107214838388,1.8159040056323617,29.05067547736684,2.710494467085695,5.2986726268858115,352.37838585895844,0.8436390265316852,4.936093935748835,Active,Low
30.000137890957085,3.8122045696634888,2.7770190860563173,35.87456295233744,2.5140183144014947,2.2579634952962064,222.9621650999968,0.6976032076145781,7.963247487913237,Active,Low
70.16538333312039,3.3266407812619034,9.99988898643713,14.186866707416362,3.8759037865974593,7.255971915207152,238.11340656058945,0.9069157865660307,5.74628442332357,Active,Low
34.902397246607975,2.5328635537453925,2.675974000472655,30.6903774338831,3.773438865054389,3.7954697284838605,50.000374764752834,0.5568440386907552,9.397753155492206,Active,Low
67.04515252613764,4.016475098769673,7.561317728828518,12.11013292322212,3.103424959760727,5.324482907630702,412.84706864362835,0.3339318654209375,0.2778509156966765,Active,Low
66.06434076079687,1.8609559447900779,4.089585846121946,26.037877592554313,0.9242258498709179,1.877649148581343,364.3006771800473,0.16759778076169285,10.39316196766813,Active,Low
68.05503730018542,1.0477361063035548,2.8086123931005322,37.75025912616179,3.3300017127221326,3.681560281722733,128.19639093997378,0.9209755134242258,0.04591403009959235,Active,Low
61.519444897802764,1.406968734473799,3.7102852455901876,32.933914873519896,3.097281171549049,9.050548558533277,360.53785999386565,0.06527509222633497,12.065235802435279,Idle,Low
42.75181711431423,2.5970887663835183,3.4020809300232626,1.00002542338376,2.720089586274216,8.128765856899623,405.43200473541515,0.7350780377762876,7.182329032472515,Active,Medium
71.57742245345467,3.1461357322191685,7.802399285090997,16.839536602915928,1.6876366255576583,1.8363287971891884,333.09406864559935,0.7243525581365713,9.488955759295072,Maintenance,Low
89.04908863986597,0.1000109137489653,5.562387971645913,31.9690302230488,1.7216524106921154,2.954210905068612,463.83092795236945,0.4819728301562155,9.476044776336467,Active,Low
75.46577749620396,3.363371618244765,6.973196285297145,26.25846176382438,2.5036124482661615,3.104660569191355,366.83173007306925,0.6209678175466787,9.637442781574645,Active,Low
50.928831909838344,1.1409347842511954,5.059884502438694,9.780737073182292,1.0326893236176355,6.094719953696178,381.2763127443971,0.3118319638268593,10.851822987749802,Active,Low
81.0362519990566,2.919400204308069,4.840730981128015,27.580373433389,2.623709327409518e-05,6.187224490551207,141.99829029095991,0.10871554889107446,0.9033087323654007,Idle,Low
79.31682348233267,1.5809904905057581,5.374425731222483,15.619483852216742,3.8385194505276465,9.999900333514017,190.38644389445713,0.374548948144418,6.79595806532968,Active,Low
62.81349218534224,3.2595432131426705,8.484975949826971,46.0095268653328,1.9741740682964242,1.184927509058804,222.12579192921083,0.5745576577022037,3.3253414729768007,Active,Low
43.46050578051519,0.67155324271767,5.935838197216181,46.92877049570603,1.6081713817534589,3.1553088087896732,497.2789276976641,0.17930529403400952,0.301122227480599,Active,Low
58.596042676041584,0.4999768730958875,3.486201352731091,11.378980324869888,2.792561690288514,5.208772152586879,182.0205117512896,0.5504533810607115,5.133752034430628,Active,Low
55.335512440213236,4.669144457447553,8.804518719193796,42.358070620914596,3.956429047615301,0.4670913695040333,396.3941617602326,0.688731712078168,0.8418932397809175,Idle,Medium
69.59481296436978,3.0315951559030214,6.703630553355353,6.8248274535804,4.004983583521499,8.381513227255411,246.07330152151982,0.4868283762390675,0.8653769408635898,Active,High
68.95001574504975,2.394730873252724,6.965400107410957,20.11371480354839,3.1002460239571237,2.5161910302169814,257.5820407524188,0.5908062582950973,8.326450006586965,Active,Low
52.47528781361371,0.278055312888239,9.99988898643713,45.06279850032964,0.6283307339491226,6.997693242313826,210.4808699206348,0.5754837987677628,8.779825412614477,Idle,Low
55.98075643948104,1.562043119382274,3.6120562184319045,49.63171197361049,2.0592771327114923,9.665860110676839,405.6351232453784,0.6171854679805222,9.466229463813853,Idle,Medium
61.35724959614085,3.600205881373464,6.928051802772727,8.078887832810047,3.7478477242521713,7.567456729477278,176.61517441144292,0.5103420726473452,10.466943710118644,Active,Medium
56.41546542877545,0.1207803926880953,6.444219266034856,36.998305544442815,2.104251949075339,8.20092298700865,359.33271652348765,0.9999778779186006,4.2495638859638065,Active,Low
49.54598752897846,4.9813770307554766,9.99988898643713,14.729847307840927,1.7002574952626626,7.487570671455446,225.55183001132377,0.48626973331982826,7.614181687790683,Active,Low
30.000137890957085,3.6716008222369547,5.70539555558224,29.114902702681213,1.9505567337515382,9.999900333514017,143.44521021381013,0.2974356104151786,5.369286633344336,Active,Low
73.73325855252499,3.030834466288211,7.144655981786626,39.22712099731671,2.015249992319547,3.2433199367044883,134.7416133503432,0.26099533183082674,14.999868808717553,Active,Low
81.60333849353842,4.033335241698859,4.601668421002617,16.121955462271004,3.9446800640381037,1.7054565390508192,98.54578303808614,0.7037601261230954,7.543288770309672,Idle,Low
56.060584858561334,1.3459623016858377,6.17541974211699,49.99991742818677,3.0237946900400323,4.104691319452029,395.8398350560887,0.6387919317374754,9.325586233549819,Active,Low
70.55407542864765,0.9901439583915311,6.625984675569875,11.607009917229682,3.2652497335496444,2.0183938522872484,372.6844351681398,0.5317625423420697,14.999868808717553,Active,Low
47.74923806506827,0.7702734840576044,5.2139616509999405,21.199608717057558,4.999974649170845,6.257317801951061,96.69256893641648,0.33627070252763597,11.932712073770096,Active,Low
89.99897908395114,4.44729370534908,1.5001828372282835,40.8897278083443,4.016387091081591,5.010090896603703,107.15871805824847,0.7925967799915453,6.458147269900336,Active,Medium
42.47749801809168,2.6711313586798915,3.4774630318111273,29.16183181343687,1.201189354270035,3.8319796935593065,146.3638363575302,0.687442105758787,11.226255060159744,Active,Low
55.97707058044572,0.1000109137489653,6.382214176742033,24.91029765455706,1.3893262812031828,9.999900333514017,400.6111419115611,0.1827291721147459,11.138608226542114,Active,Low
64.90298954630677,4.999973585355236,6.658060335093558,31.050842447484364,2.4167507875420258,8.537170321286881,418.56356413516704,0.31868100662929705,1.7839812435201474,Idle,Low
56.52517664816921,2.422511056521839,8.254524078448087,22.949144177919184,1.4857317337058273,4.213773178583001,398.29796923940035,0.6426842778004603,7.696041468925304,Active,Low
49.5314451213514,2.8487407641362905,8.687647342388264,18.60958407235379,2.623709327409518e-05,6.795847115429647,193.2576522174661,0.155793211512344,4.79700333362946,Active,High
56.84488184308955,4.999973585355236,5.052595747515337,43.76288082802659,3.890515836971552,4.406252230707925,499.99676771056613,0.5769413748566751,14.064351247820957,Active,Low
67.96303552164318,4.608676047191867,7.472865278029302,36.697698211147944,2.6144030785721615,9.076099432515383,329.2251907173628,0.2506912195759737,13.588966642248865,Active,Low
72.13140262181415,2.7633084515378576,5.456987931265027,30.582646591786666,2.8080481251467755,6.570044881225787,463.47919445551014,0.7258518147107373,8.850791588656582,Active,Low
42.15480159384257,3.1126781161988237,9.99988898643713,22.47664621149767,1.27005135626683,3.1283996318063156,134.15845262801759,0.2727352062351583,5.897615477777895,Maintenance,Low
35.692487086321,0.6092473177092287,5.82202859623734,28.69418586548542,1.8016045101821656,8.341992848266495,221.1534835896283,0.8194880963764013,10.091688314088543,Active,Medium
41.12562810546355,3.808881601809394,6.1671538639299746,33.367946236578405,0.7967146187297384,2.4277236979035535,353.6138595526507,0.22548931855179385,9.51251453017306,Active,Low
36.358205466967895,4.027033954934522,7.0626988063841845,35.61847403356728,3.5896511731156524,2.2709835148733264,462.5708864082234,0.36650883557808867,7.216250313470641,Active,Low
66.09852927464809,0.33712950667501235,5.979643580069472,21.835531021761014,3.4736067051704405,4.13780787902969,233.056191278347,0.7107593156977725,8.956876964464124,Active,Low
65.51830319514788,1.5497564160151147,6.053233458037879,41.95545095367479,1.3225530173786726,6.071727947634401,316.99120044122634,0.4712729141613427,5.319720792179644,Active,Low
59.36052896623695,2.3597633660077006,6.564310252923442,45.76760370980109,4.054702919951336,1.2248042642347199,356.84569689342885,0.8831991130462038,9.181261723985392,Active,Medium
78.94077151123057,3.9170806225571506,6.556253971045124,48.62820668801283,4.999974649170845,9.999900333514017,211.889982580983,0.10832620718807659,5.1055162498306865,Active,Medium
66.41033448342424,0.1000109137489653,7.27921852605395,38.05575923976328,1.638487121165473,5.36507654005312,499.99676771056613,0.35331858892079293,2.9127867566733867,Maintenance,Low
85.7086655319791,2.5519098587516695,2.616213231467901,41.27126834777572,4.048763248721488,1.2263511866149486,388.792562112785,0.6160951598932506,3.0729264775321243,Active,Low
69.79237729831544,1.305789905111001,9.99988898643713,18.057907934440436,2.0097231262117536,5.995994240893616,478.1077651384302,0.7460249777349982,9.302913875327178,Maintenance,Medium
68.06711570693867,1.163745372891536,9.99988898643713,9.977842658122443,2.042333939626503,0.23712244000926658,346.0122904027387,0.5430278580705797,10.822259327297058,Active,Medium
51.97219792278982,2.3366552248979904,5.564663664044096,19.1778453378222,2.7748926457233845,2.82217396000374,128.82678307569807,0.6792325742872746,10.233675059246522,Active,Low
46.1081054801127,2.958152082817811,5.929226015504501,42.3945750653242,2.3200616243603016,4.482764998599267,212.86762835671908,0.5984675246452417,8.84150778217703,Maintenance,Low
56.47530662478664,1.4942024975353445,5.312607855031388,3.6879551061080265,1.7845495200024084,4.187320443249235,242.588134780017,0.42963736588455415,7.2362969728027675,Active,Low
68.34693775459384,1.6835310109036596,8.324408516139403,11.223970631068767,1.3948187482790408,3.908618021742176,200.44143833434583,0.8948445038276276,2.567390193874302,Active,Medium
70.34929523097429,1.7616920449855993,4.733559759232263,12.469936871399636,2.448043082559806,2.5622213675292422,350.478471759818,2.542233038416164e-06,5.944783204250428,Active,Low
65.25761241094219,0.9015515593786767,5.7901541147484314,5.414067778766038,3.621137256582098,2.567361171628504,272.7084888308282,2.542233038416164e-06,5.796616109756379,Idle,Low
58.01869475046104,1.651199556077468,9.99988898643713,21.019428158540602,4.999974649170845,7.356548059445529,338.63170748316656,0.6058802542148696,9.211564337856608,Idle,Low
30.000137890957085,0.8751235368939965,4.521803134616952,49.5989848733959,2.385542155457214,0.0004488894314802,84.81394692177444,0.3767985564817651,11.99533083938781,Idle,Low
30.524886199738553,1.2426468371972126,9.57699234571134,21.686629522862997,2.142148896262793,4.144173004436102,499.99676771056613,0.9689841416908904,14.999868808717553,Active,Low
57.2862804867223,0.1000109137489653,7.863316603692586,12.955308542559486,3.0737414453919225,1.2844776725599771,313.75536981457486,0.2369545562524184,4.4037254376940345,Active,Low
50.543667873283525,3.728398576966673,3.037611539609109,28.669831717173224,4.251265747365518,3.52891929207721,182.51730788656147,0.4328064656203201,12.619266171195111,Idle,Low
63.40403104771929,3.2853034250589905,3.348985632569901,15.919741373662077,1.516569158285118,3.968818089754474,346.02803555793173,0.5849273069458399,9.131001907799284,Active,Low
49.00122495509675,3.1981757255350103,1.5001828372282835,17.30037398252477,2.448591869021696,2.385583028237816,154.07975553900624,0.30652129918127313,8.771017470109326,Active,Low
56.796313361908325,4.7998617090427915,5.241534650955366,24.923811930859745,0.7413692900586548,9.999900333514017,93.65020921740121,0.8377771086977871,5.920041364095763,Active,Low
62.48848943999871,0.1000109137489653,7.629012870349423,28.59718152417763,3.2269887060546716,9.999900333514017,50.000374764752834,0.9975009412285196,6.257757526850542,Active,Low
65.0189253120776,0.3536333803852719,5.006877548448986,29.074211323555094,1.2038638665357402,2.6597868671911806,204.84972122803822,0.8520945653833873,5.391833516185179,Active,Medium
50.76772156774603,3.0568576831561214,3.9541575696210542,36.25805070156931,3.482793083900626,9.999900333514017,253.07600073236685,0.6925017048110026,7.929310803137146,Idle,Low
82.49015315417778,1.5562124200826222,2.792900001233126,32.69231107625957,2.776076509007335,7.013013842533937,85.68543009331992,0.16082036041245448,12.47684928535456,Idle,Low
