Machine_ID,Temp_C,Vibration_mm_s,Pressure_Bar,Acoustic_dB,Inspection_Duration_min,Downtime_Cost_USD,Technician_Availability_pct,Failure_Prob,Maintenance_Priority
M006,67.9657288012627,2.7430469129358963,5.194411273801321,80.6351417306833,130,1769,92,0.4833587903741496,2
M006,79.36730227882772,2.914761584938263,5.273971006307095,65.9206634825212,51,3449,80,0.4982153639251246,2
M009,78.8600892050195,2.8354218165279215,5.125377667750665,67.93139984682828,86,2814,98,0.49012865351190193,2
M007,87.85092427762662,2.224741994769593,4.315887753811759,67.17739728471236,36,1603,99,0.48014565226242895,2
M004,71.97536244272365,3.5222642687730294,5.043944995481546,51.820494952823935,56,2479,88,0.4685724805070363,2
M008,82.32927168999495,3.567686938633271,4.899791680042387,73.46065979986163,74,3254,62,0.57609549015076,2
M001,81.0238368679519,2.3492397426009286,5.01536790266953,81.22182616316049,116,4671,70,0.530918826073538,1
M001,78.85610521173659,3.729128850318739,5.344209807521058,86.08344460105894,40,4958,87,0.5698264505733355,1
M003,85.48027426679519,2.2275121936738826,5.061790844876077,76.48671921489776,65,1134,66,0.5314231277738919,2
M004,64.59995575931785,1.582326864580529,5.666731022551147,69.45807744185676,59,3838,97,0.3984819672484594,3
M004,83.38055726780145,3.211025108771349,4.922264485891367,73.76743056929834,114,2476,67,0.5634730990462575,2
M006,71.23317502220833,3.2601733100308645,5.434120505549786,78.01212780743374,132,3556,87,0.5175056773777857,2
M010,73.61704530598428,3.7956112951118786,4.48198709023559,67.56335254128498,43,2115,90,0.5248705617139527,2
M007,65.68116555305927,2.6079274038276443,4.48968561249906,80.90439408501167,48,4594,50,0.5150281710342123,1
M006,73.4105342028983,1.7039202801407454,4.599180975637532,79.35123883622678,49,4808,81,0.47123687184850227,1
M005,76.59808223195411,1.6728118834245653,5.401059805782769,55.8995550996513,117,926,80,0.43135254672543,2
M001,78.33186660301669,2.1241540960162597,4.906612104337987,64.64769469855278,66,2031,55,0.4877367297764257,2
M006,77.00458543700076,3.6455223054311126,4.904359184085223,63.92898571331101,53,2213,83,0.5212073529371216,2
M002,80.78314767771286,1.5920713240692357,5.541356256773274,49.93421911164524,126,3899,99,0.41364008645322065,2
M001,81.24092669205605,2.5004555000218454,3.9326754386233493,53.49299430307177,115,4622,75,0.4636934001690732,1
M002,73.00541812382299,1.6628442024385472,4.508535629991653,71.17132247318779,133,1065,85,0.4414302523334946,2
M005,76.62675473406317,3.8951283887267514,4.095609136109836,73.75609556588742,107,2132,62,0.5629069254307988,2
M007,74.16146394141256,2.7886259420333275,5.036413461695108,77.08604360797187,128,2921,50,0.5372527924345835,2
M005,78.16032081843171,1.8227979196476025,4.87286807465393,72.84383246049583,147,716,90,0.47463479475139686,2
M001,75.35399826006187,3.059806746983704,4.324374551653259,59.90505330291813,121,4998,74,0.49834489566387136,1
M002,77.11713428875365,3.5191070692214725,4.127979631340722,71.7173088615917,100,2308,86,0.5266604437612832,2
M008,76.83744542282338,1.4657114700981424,5.102972500335377,59.82562759523582,110,4998,88,0.419436889462509,1
M007,100.3425089500696,2.546264217420413,5.572653586017707,55.912383993300146,36,2754,52,0.5658829605428808,2
M005,64.40081729610586,2.147806916618518,4.879527158711194,66.3150558338785,88,3533,99,0.4047890703807321,2
M001,78.74197713929861,2.419276463531061,5.355596636726037,75.0403664269187,54,764,53,0.5270091417515523,2
M006,69.66897885464412,2.0631730130325763,4.147104026469569,61.52282116368472,104,4507,75,0.4442600244243308,1
M006,69.70591262666508,3.475310613710658,4.9476181356419895,44.002755841180715,139,4169,83,0.4652849538616702,1
M007,59.344146512824224,3.281707193676531,5.034224750022282,62.312696573575124,67,4439,65,0.4697057498203995,1
M005,77.54404797761738,2.669230052514993,4.999456143500371,74.21634219154491,137,4107,86,0.4964750346642936,1
M010,77.5459750883609,0.7934257489629455,4.919060480568369,40.89662422523467,75,2888,51,0.40596243862579684,3
M008,78.6069192483287,1.607417800342969,4.918536216877821,79.98169217211891,54,4920,60,0.5045360089600998,1
M002,84.12009500686015,2.9645886445982823,5.266990802656376,76.43861675801374,149,1015,93,0.5319315276838216,2
M009,85.16383528369099,1.5775311759534962,6.015151838878308,65.36930615748358,71,4506,79,0.4676888068499336,1
M002,83.35485187826212,3.0573418837857775,5.302790693420731,75.58555329689833,149,871,92,0.5298605170494086,2
M005,73.22222366466374,2.783149474327959,4.776010877713702,63.76934046685365,120,3424,83,0.47954379363705724,2
M006,69.78656304241419,1.7062383175342577,5.062270207429589,77.48012892979904,46,897,59,0.4709412346849048,2
M003,78.54709571734426,1.2218460467840597,4.865486110199101,61.3676350685274,116,602,79,0.43412793560842344,2
M007,63.31935121096209,4.0268963762445,4.354914699106516,51.087708965204946,85,893,89,0.46250184239888875,2
M005,66.00192735979279,2.6084410721083473,5.630929965598948,74.0527693818794,66,1203,81,0.4669349864479966,2
M003,62.98966517664744,2.9406484283852024,4.536261934080834,67.72805607082856,39,3432,99,0.4539159773116571,2
M009,77.83494670337804,4.4082205094641616,4.730660356799438,65.78703805920583,129,3273,50,0.5908908256580137,2
M009,75.18053200373605,1.5289208647367516,5.127814983640187,84.58350566156881,48,690,97,0.46195462477811766,2
M007,93.57127497724835,2.843341910058857,5.182397471300295,63.48858879454882,100,4765,81,0.5441721435107745,1
M003,71.4812810479882,4.130232155623132,4.952003032163271,75.8038354790326,43,3039,51,0.5768376794309062,2
M003,69.53267526074855,5.032516732463315,5.803101483842322,80.52587307354376,118,4664,87,0.5898980802650167,1
M008,87.59318441809158,2.6820129342909023,5.6891529502255365,63.847429329159446,64,2014,75,0.5184880716799015,2
M007,70.44997762438562,3.659152556630203,5.165518791793609,83.06535203086267,140,4008,82,0.5355396165841825,1
M005,61.40203367852646,1.5548107791331376,5.527911907692303,72.56076769135905,90,3112,69,0.4209863508227767,2
M004,81.61509735900219,1.5158244070850713,4.705451653404521,64.08126423475194,114,3450,92,0.4471450954143825,2
M005,79.98729197998092,3.547015075938487,4.9757019576479555,71.00465915191234,144,4504,94,0.5247651861368278,1
M003,65.80747572177013,2.4309276868002523,5.43824615774697,82.44771332620628,50,1368,75,0.47990816529859237,2
M008,85.31270460826198,2.601471554574633,5.366095616910305,82.05906301239973,106,1769,87,0.5418222724808768,2
M007,74.017544851019,2.082071139900208,4.7951712897298195,93.62319901298761,95,1028,76,0.5203501436165987,2
M004,72.56151954115197,0.5838340632737193,5.428061203413102,61.787750029731534,67,1816,92,0.36967816343663124,3
M007,69.9942199456355,1.718908990695102,4.526854185249447,63.35447750410207,51,4274,51,0.4463038758275655,1
M005,76.50059678520714,3.882528194010588,4.128821483657067,73.45031073725207,108,1872,62,0.5706622520557865,2
M005,85.80592226924416,2.038728254488649,5.3432613824019555,61.656808480441526,69,4965,95,0.45784709174932364,1
M003,80.20289087657173,2.3235341083887042,4.5795749465909505,73.83963178397383,68,1414,95,0.483769919485895,2
M009,77.64845037886319,1.9141490487066102,4.81693394680042,97.2791913214032,84,1392,62,0.5433984802737032,2
M009,71.89312118153188,2.7468501584332663,5.017814226352496,64.0405180778825,132,1314,51,0.5027264996769604,2
M010,89.69594583250417,2.4177707298310676,5.906994608006697,50.119796601709346,48,802,74,0.4901469696585443,2
M001,64.87256579165032,2.7383311472506704,4.55056446784304,80.22051250732382,105,3506,55,0.5106516916783009,2
M002,78.5690009195006,1.4676699430419473,5.01724664723954,82.02373983300274,141,3797,72,0.49305631370370695,2
M010,59.801572638590336,1.0085240994235853,4.652882582163919,68.06176927979025,139,3586,87,0.37063822104738114,3
M002,75.53235368101791,0.23957855839565467,5.402889594428345,75.21867255846688,77,4854,86,0.40257182808843045,1
M001,64.66297732042257,3.256840367451188,4.8061505238170215,91.48050045332984,49,1092,98,0.5091536966555728,2
M010,95.2045034138265,2.1952012179220945,5.942269691405316,74.96943499218133,67,870,82,0.5437324459161851,2
M010,76.09105826006905,2.337469343599371,5.442330081121385,59.1496625061642,35,1661,99,0.44091259924763193,2
M005,66.95870780760556,4.416682677868634,3.581059778698385,70.06859440540532,71,1407,87,0.5305520559158964,2
M008,61.164472879166595,3.0117264185849555,4.525616076921253,78.040866188384,101,3228,82,0.47638681929928384,2
M010,87.37814595897547,1.8299461775102024,4.921300245266883,78.5395275982609,135,3124,58,0.5408163570744238,2
M006,72.30105411285228,3.2084381686617713,5.376181380702431,62.69969684457809,99,4359,88,0.4776331819953596,1
M005,75.45722308017747,1.4796923007810125,5.570585861513157,58.97906712084123,78,3137,64,0.43818415755778173,2
M002,68.87963393304082,2.34254986629616,5.065641880598971,79.42544352278007,84,3436,50,0.507680348205098,2
M008,76.72919074946866,2.937029430083347,5.0611416981126505,77.45433445245902,53,4664,94,0.5069666817505019,1
M009,78.42826085868089,2.9217333706138526,5.115298855957419,68.44762501993463,87,2859,99,0.49604473524545173,2
M007,79.63779477562807,3.176430371887882,4.172990892872159,72.80389926205572,122,4076,90,0.5237875096305519,1
M005,93.55657481039097,2.457595854398228,4.585620641150287,55.359082692855296,129,1064,55,0.5354632291774772,2
M001,69.9242387990745,1.3253075776336278,5.984784900248088,95.60856330416988,105,1123,82,0.46652100145187436,2
M009,59.1409779839797,2.399804173691464,4.231415772305794,71.23640865604014,117,1787,58,0.46020270889039894,2
M007,74.61469727917259,1.81960216558492,5.339415196175704,76.98548827251106,144,924,69,0.47632011654466466,2
M004,91.12927663991583,1.3487015615222373,4.870154405560038,73.75590372236077,44,4323,97,0.4780208264577063,1
M004,89.96253465059392,2.0837131273192027,4.725153207490075,76.80975647916725,110,1872,56,0.5473880321767424,2
M007,58.662654397959884,1.8419396707019184,5.103427897522089,71.66214725241927,88,1491,94,0.4035264768354828,3
M007,62.29052018493561,0.13583234295300822,5.335745756785602,59.37682337352768,65,2714,57,0.348872771208651,3
M001,89.49144734539605,1.499664917118047,4.407780734312339,76.21283058494726,39,4245,93,0.4930394188309964,1
M010,74.17710358103426,3.4789169820592507,3.802239060570747,65.15333675970582,38,2896,61,0.5317186558651082,2
M003,66.53557560126902,1.1185504467649223,4.981382375621365,88.30982522513814,101,1828,80,0.44655359270077916,2
M007,96.74512010380137,2.192659247411971,5.35605041512493,85.43057634506431,83,2659,79,0.5657911478728512,2
M002,68.60544122385431,3.7833217047664434,5.918855669991693,58.36302682159391,77,2592,59,0.5135823766904881,2
M004,64.62842082072953,2.0039968497900165,4.664365072681662,73.62662743321044,141,950,58,0.4732614951078021,2
M003,88.66221219868149,2.540611130704665,6.340929816742169,66.00935788824081,86,4149,88,0.5072308468755535,1
M005,74.28737579905156,4.059672480812192,4.750602242248311,74.8451582899899,44,825,78,0.5628651808694359,2
M008,84.34038493950746,3.1300457463619313,4.491033674646945,81.13921017508191,97,1005,72,0.5709562945466512,2
M009,67.86648819069816,2.217400926491716,4.685395724106743,66.93950821140946,121,2088,59,0.46935285566998336,2
M003,89.10772201644905,3.145978932286869,5.1918667871345106,79.07794873470007,106,2623,63,0.5876559963716538,2
M002,78.28652543526167,1.7498540898236647,5.002055158426141,79.5426417138465,50,1047,51,0.5179542146320587,2
M001,69.84669562682018,1.7892956092799859,5.481544081792364,64.30208478626146,139,734,69,0.44583148446197884,2
M001,83.08386927933243,3.5794956437767977,4.93794682070266,80.28707663029753,80,2725,69,0.5800019425430014,2
M001,76.65878191541837,3.982280962926601,5.684503970265352,72.8588127657968,122,1075,65,0.5722250717324553,2
M005,87.3845359114017,2.5990881216416297,5.301142453904331,90.19075569927469,79,1264,53,0.5877499803690959,2
M004,80.97191251852867,1.533180150359422,5.976093343223519,84.84355604083193,92,3844,67,0.4977814062333473,2
M003,79.28357139827555,1.9408914019058972,4.23470617885691,75.19648693701349,119,4747,54,0.513078124876036,1
M001,73.90475628338952,1.5476595048053388,5.803997681658521,68.25724978772614,39,3412,55,0.46616060773370466,2
M008,78.86906776591427,3.0054566885699203,4.689349161721372,75.56060476381617,81,1346,96,0.5088187636120808,2
M010,75.3725180668388,3.255102742516212,5.308538038412526,60.72268966697769,108,1264,52,0.530096804150662,2
M002,69.12622865228649,2.436506688279123,5.150639650961606,77.99514174183648,104,1686,73,0.4903168425039815,2
M010,80.61739403597137,3.811332553805786,4.589960931674694,84.90771056241255,33,4061,56,0.6094904997824124,1
M007,82.70773458538758,1.3374570828595334,5.555787523259223,56.961495554571485,53,3833,65,0.4511260626805501,2
M009,83.6420606294297,2.9516675892732627,4.80934081002854,62.66668544254419,74,3170,72,0.521971096561851,2
M001,85.80360611488675,2.9891148174354236,4.775295025636001,81.22176731809206,56,4111,94,0.5420899610458635,1
M001,106.0313925115288,2.5032691754149456,4.488685219787473,86.32887571603042,45,3907,76,0.6071954992339911,2
M004,74.23466596998726,2.9699428761832767,5.759726411120237,75.8284260186244,110,1959,94,0.4991916107618984,2
M009,54.69008106586834,1.2981326582781423,4.673924412219294,85.92198531700797,75,4068,52,0.4333989657291555,1
M010,81.29788030521546,1.7018361032666052,5.002085090730505,69.62045070384622,93,3702,86,0.46254517044953325,2
M001,83.48368222310994,0.4487647326007533,4.665618293127841,56.261782478737565,42,790,77,0.3960943695394074,3
M004,72.8613516613577,3.6705383334148003,4.965463848285792,69.69400114174441,59,1382,75,0.5309999207155698,2
M009,78.13147874660166,1.3434458895764274,5.707757861455529,56.7096300276233,98,874,91,0.39437217205043357,3
M010,83.00782966300486,3.461860146377107,4.938303969356995,75.83384996850965,134,1184,63,0.5801335245082474,2
M010,61.506882071307196,3.9091593872128962,5.349197779378637,83.09731775358517,43,1871,62,0.545398933342896,2
M003,73.91514357267639,1.7739459672488191,5.210621059963622,63.29739827549171,145,1753,65,0.44730335201761134,2
M002,70.74508066419486,2.4001191141013187,5.235705697666732,83.0216194593868,141,3155,75,0.49762644493802266,2
M001,80.89476389753857,2.4372101324337136,5.301259759829975,51.17795657056775,105,4974,68,0.48217357864600896,1
M004,64.31332286087,3.2040244288514654,4.719952284805237,70.78131207795093,117,2813,83,0.4756109035153229,2
M008,74.48139365736147,4.274214600202137,5.316736015689864,77.1504096781164,78,4732,62,0.5781998832319316,1
M007,78.35854438193599,2.057960675284909,4.275631953155056,65.02157027030717,123,4394,59,0.4916968078359199,1
M001,83.1239902516615,0.5640425496495927,4.6487428995848985,55.775524951212354,38,774,77,0.39819552822775417,3
M003,77.72288419069196,2.6974157681210134,4.903496862546814,69.12075799419321,40,3111,68,0.5093286919729164,2
M008,92.54899086611101,2.0300208305183323,4.452993502129799,73.0591869070388,36,4053,73,0.5321171244990947,1
M007,61.265091951306765,0.6441531105292054,4.910734085792599,60.52853958847325,99,4237,99,0.3411992511124338,1
M003,67.32886781418601,0.4727044449381812,5.139564289415188,59.92296728178965,48,2639,75,0.37075906827526556,3
M003,61.73057175149799,3.7795976202016552,4.591417263930995,71.14988201323578,64,1766,69,0.5090352353240867,2
M005,63.823037708793436,1.6747154236123665,4.491952175504492,61.41187450590873,67,2236,80,0.40105278217847873,3
M003,67.1146471170081,2.8655291265678375,4.665004955224876,73.84553513786854,40,2290,61,0.4996479944659688,2
M004,84.86632550236904,2.261253569809591,5.998707185946918,83.4312984665426,137,1405,62,0.5613024053796821,2
M007,68.12373993203722,1.4890387565115364,4.685293655243465,88.22125912238046,100,1663,94,0.44858628437743503,2
M005,87.69146073766132,2.075546966290058,5.365510152922716,81.68767394009485,98,4530,60,0.5394806118377765,1
M004,83.65162772615741,5.0206175426104105,4.264074629488035,61.66238774153948,108,2502,55,0.6171836816178663,2
M008,67.09693939324836,1.784782100411198,5.166482203749129,82.45898032269649,105,3796,53,0.48990040729380896,2
M004,68.65250627490741,2.452809723391017,5.0358530650427555,52.93427772217943,37,2222,83,0.42769279391773235,2
M007,75.01567378465701,2.74696628303906,5.170615805698405,75.75795074499425,138,4622,52,0.5268306633679262,1
M010,82.80866485772052,4.69928592289768,5.217334145514297,78.97740735319395,40,565,66,0.6307358618225238,2
M010,75.67039793031674,3.2198906883222342,5.277696281405299,61.370039120685924,108,1131,52,0.530605220693111,2
M009,81.52062066127971,2.745655935074392,4.738787687998844,65.18437231313611,112,2734,91,0.4922271875702312,2
M001,65.60724077902972,2.9694244504682192,5.266252263140511,70.29392035045653,30,3230,83,0.4687734963290988,2
M007,85.24374472615237,0.04837308701968831,4.806701245338536,76.63934475472823,33,3887,80,0.43116086437429396,2
M003,63.707572341006895,3.063058228822333,4.729259844627493,83.27269118780666,142,4208,94,0.4815669570352389,1
M009,66.99190714403082,1.748103983865665,4.307862399814298,80.61342242401753,69,1626,75,0.46126533137100584,2
M010,76.67750920238933,0.3381683460938644,5.570001733895432,69.40398674464416,81,3053,84,0.3976511082981046,3
M004,66.78636971350068,2.191506105739646,5.185294689376443,74.4731871631739,40,4771,75,0.4604249222784089,1
M009,66.08128377975936,3.1359101070245843,5.422856035559475,77.0945226913072,104,3932,89,0.49103593811490753,2
M004,72.97628138779675,1.9355184896084705,4.977339810148137,48.22102946362687,64,2311,56,0.4300204219295615,2
M010,67.87638560669606,3.766723401573401,5.272598266352169,84.98688831061494,41,2163,64,0.5540642061435432,2
M009,76.66990110417125,1.5476532919872645,4.517551738523931,53.90798538267565,110,2546,59,0.4404565748979793,2
M010,63.42742448925211,2.607173884646664,4.18051475099271,60.58639729111271,32,2279,77,0.4462944015231523,2
M001,62.45202707599447,2.913574813659817,5.77943114940374,85.29864163116642,35,2092,84,0.4889757288456952,2
M001,70.58983808747486,0.9054984189817233,4.562587623226159,67.18470311020594,147,3121,82,0.3979287026884101,3
M007,82.05819681739595,1.3917531388136477,5.5092483656358615,55.92576091379964,56,3872,66,0.451062134587524,2
M007,73.76290189883106,2.0765623807497215,4.725603333562409,93.72218933694829,95,967,75,0.5208886808133982,2
M005,73.521022997817,2.280733107126385,5.2261374210781675,62.59207345263902,82,2545,69,0.47339319716118405,2
M009,85.63316090982858,2.1721166598667394,5.301759108102236,79.82555934273263,81,3198,60,0.5364215068193418,2
M004,73.7237161915291,2.2474317281183778,4.8133693771951505,76.82423962497458,72,4278,77,0.4920806944146039,1
M008,80.15908122308664,1.6797933262582083,4.893601564143894,80.5339752250994,47,4859,60,0.5016796842419243,1
M002,80.50099606660459,1.2741628326867882,5.014218719568949,83.34077717756062,145,3563,98,0.46959560911792986,2
M008,69.88299802552636,0.06567273110361314,5.677518638704075,74.119897038097,83,3889,50,0.41096352725988394,2
M007,77.27135688995628,2.154365689696815,5.4510534099754935,63.10931278754078,55,3839,69,0.4729286905470752,2
M010,63.57103344286756,2.219556567180556,5.028226627670943,79.92764260952846,94,1541,90,0.4624816389731717,2
M003,74.42416867238447,3.471653036241293,4.882088729807524,65.51103075042255,75,3148,68,0.5267482388401342,2
M003,68.32466548527202,2.0157216991219586,4.87051792576885,71.554254605265,39,704,53,0.4823332576348153,2
M003,83.20339641499163,1.9096811802447466,4.7898656408312394,76.86246096283486,113,4388,63,0.519815968207091,1
M010,70.70074381554754,1.9579306482672734,4.724233998903055,87.88501900662601,47,2792,88,0.4802073185981934,2
M008,72.6797541009185,2.3687207348400627,5.4442532852399435,67.6958605023584,139,4692,69,0.480208237192359,1
M003,74.05983036239546,2.755773396662869,5.146899624171933,65.179298248993,83,2250,60,0.4995725756246148,2
M003,73.40481310507529,2.7126013037581083,5.709414930189242,53.17938565848639,135,2441,65,0.47339027356063046,2
M010,73.3945084246074,4.221388635671461,4.50851891437118,65.16496745304896,41,4175,63,0.5497618318366582,1
M002,80.93466404273023,1.4417432813730424,5.003977531821851,83.11939844847628,145,3571,99,0.46681501740303083,2
M006,85.61038999858877,1.5018335666981286,5.19008687551233,70.04515418885549,138,2744,71,0.48888045189843005,2
M010,60.68154667037201,3.8039343782364723,5.331544540074228,81.69017009601393,43,1823,61,0.5405083663359487,2
M003,78.75775286595963,2.1847144985752873,4.9404265859812915,65.9462459525933,111,4709,58,0.5034969775667728,1
M010,56.92845584898124,2.37135995144614,5.550199836293208,68.46760054056675,127,1333,73,0.4317157364285299,2
M003,83.6844690990596,2.137914958018647,4.540673926717345,77.96374748489436,102,4353,58,0.527580322961029,1
M007,79.54401086485817,1.9849781283799686,5.693016541142495,74.89829708463968,123,4223,56,0.517070085308782,1
M009,87.19564209204309,2.9002405822939537,4.85440247153846,38.784492296079044,141,1012,78,0.4807532559277301,2
M008,66.58342776480423,1.8947968529483823,5.176960757439267,82.37330294434395,104,3887,54,0.49362834295245067,2
M006,72.56074436816273,1.7506049917810693,5.675360704985933,76.1832730664336,53,1694,78,0.45956838953000506,2
M009,62.19037936759086,2.027895660707861,5.868027059746948,82.20099141086264,60,3410,50,0.4815173469580684,2
M006,85.22047994261406,2.5656018917781407,4.644312447312976,73.98940822353795,132,1984,91,0.5123881933131743,2
M007,79.41499221239363,1.943203387754564,5.702424816505897,75.57522518636311,129,4190,59,0.5134656267020105,1
M001,76.27690762505028,1.2691857297926035,4.846450895290037,77.05698972543445,129,602,58,0.48300809369604086,2
M010,89.10694218342061,2.467517378120852,5.895310193810608,50.32638796553224,49,850,73,0.49248130219553615,2
M010,65.26840761535584,2.1009287800994136,5.273276403517076,78.76095131292793,72,2208,80,0.4491036137502986,2
M008,84.59047146725,3.8620082248608494,4.769558060138011,54.06586191481541,83,1291,94,0.5283734469287604,2
M006,74.5862006062992,2.72570033719353,4.930504252347347,63.67392722180108,127,502,62,0.5009462308922757,2
M008,69.59118574787787,4.782196875008274,5.050455598289183,84.13047806031496,40,3061,83,0.5826546442310883,2
M002,101.42809656554859,1.1909182693939455,4.865351701050455,50.25055776928443,43,1677,66,0.4893663847000367,2
M009,67.85128787008358,2.922716610906114,4.707532908011182,70.38192475611285,43,958,85,0.4830302942304657,2
M002,80.90236116075444,1.4580080703781793,4.988936434397736,83.16270082122173,145,3598,98,0.47413253097585273,2
M004,62.94001357836959,1.409823969260346,4.085823368009965,78.53562942435146,51,3365,56,0.4473931702263109,2
M010,67.47474448600879,1.6650708755879067,4.949237450597274,57.28857443610179,53,2720,84,0.39761905489282173,3
M009,57.4284835550116,4.411421947691869,5.108473367214061,69.32898674373544,65,3929,57,0.5296006487733492,2
M007,58.45949322283229,1.830793325918279,5.110824621648755,71.959250819114,90,1611,95,0.4008751233825486,3
M008,62.725170120349006,2.906892552964771,4.483693075838801,78.14532232411038,105,3067,82,0.4785076659483384,2
M005,76.63878290943477,2.4037052925542066,4.525766374117043,76.86207519395711,91,4752,90,0.48384686426988643,1
M007,58.36583969210374,3.7857157571405433,5.486252572912269,87.18805826760624,92,3656,63,0.5412064224417784,2
M010,80.57114986229577,3.28614312104521,5.141150910933536,68.03520776088611,103,971,63,0.5401122224077806,2
M009,67.17646717087065,2.6422049641944687,4.923123463334797,78.43236003560285,75,1743,95,0.4659149991872614,2
M005,70.163824435468,2.066849261431795,4.078602048740158,84.97222603430365,127,611,82,0.4762566522540784,2
M002,75.01615621084483,3.9344501666259655,5.062707677908316,77.84214719230789,81,4073,75,0.5707994396559858,1
M003,78.57607283147884,2.7250992421456077,4.885752977544947,69.87625577645409,38,3007,70,0.5039330057212694,2
M003,71.60079030647928,2.0796589694777414,4.463917808048454,72.4685298109472,45,2752,76,0.47288083933746805,2
M006,69.75900752987889,0.9771189748835096,4.569065399249464,81.25828049718093,84,2600,59,0.4495500701318158,2
M008,61.84303276177375,0.8410660293489287,5.596950130168955,71.4295346059187,50,4871,80,0.3892262341020548,1
M006,81.38491206818324,3.094605905736742,5.211039447356564,84.09349045461879,126,4560,78,0.5665657617021019,1
M009,83.13343323125875,1.2364121801269488,5.064194578258356,62.927200556219816,85,568,75,0.4494837978416984,2
M006,65.65898850920857,0.7408094437529523,5.392865061008103,73.69608667678749,67,2388,91,0.3796974832086953,3
M010,82.44487706714115,0.7325893673672743,5.656132685336922,76.89863935678262,121,3116,78,0.4528323172360393,2
M002,80.73201478181396,1.7322424804411054,5.344630625504456,57.31048936670158,38,4549,79,0.45484533418025175,1
M001,68.05087325741532,2.040690112662217,4.462200136024301,59.75575779894689,134,502,73,0.42533999188689264,2
M007,76.04650813844499,2.5936740099537356,4.751911901097257,71.94668822315826,76,3121,82,0.4949179630704238,2
M010,77.58239230829165,1.2643148805884168,5.344975806426092,65.97188517383067,51,4771,94,0.4182303810623141,1
M010,82.8546153902264,1.6289732732029403,4.732480516339213,62.75864774490972,86,4084,53,0.48165782276759694,1
M001,74.4267975447812,4.129065494408091,5.846093447329257,65.90464831939771,146,4975,91,0.5314135493826823,1
M006,78.34585513875311,2.6171958758207534,4.4825722509231705,80.94981819914162,131,3332,58,0.543043379259217,2
M010,87.53657398892942,4.729452587024902,4.15646224081362,78.5843883782998,78,2634,92,0.6165869957006697,2
M010,74.03319709346529,3.4639783648695373,3.857726623652275,67.56506460283344,39,2895,60,0.5234108316677524,2
M003,69.06356481974827,1.2199656132339025,5.519946302732579,75.1149417916203,144,3916,72,0.4424409537139273,2
M002,81.27806884590184,2.180181240503524,4.937266736960301,81.75351278444737,48,4720,58,0.5376438749155621,1
M005,79.49668208600315,3.55052555076493,4.987107403325993,71.10957921938953,143,4596,92,0.5242576294470728,1
M003,95.4990784730508,1.4322795786401037,4.735125149330785,80.15854556244213,120,3314,76,0.5304126900130494,2
M007,79.73196625817857,2.6454454532234304,4.756530792808827,78.02977259169796,80,4388,51,0.5422564954665726,1
M007,68.32610166131711,1.52920579880172,4.733102307657428,87.38997776116605,101,1512,93,0.4496527612111851,2
M005,44.742500715821066,2.9441754864488785,5.22416311793728,74.56960966288048,67,629,85,0.41869747292668713,2
M008,74.02631615185439,0.6174512692718263,4.948348648878039,64.90922500281059,76,2377,85,0.3895466324047479,3
M002,78.18340781573133,2.8559535990547156,4.465845164208801,71.03180605473581,53,1426,98,0.48894573379420475,2
M004,91.09792669059831,1.4219285763149818,4.884919353845806,74.53329175306465,46,4464,98,0.4761649578498167,1
M007,66.23915241727775,2.5615528968740584,4.497339717508664,81.79727038297565,50,4638,51,0.5179668139964076,1
M002,67.88862026767202,0.8960826515827711,5.249469700643743,74.02002793352821,121,2050,65,0.4314829825976143,2
M003,75.64007108178973,1.4793399407712764,5.4554778203620335,64.82952733109107,149,3314,89,0.4309151392069768,2
M004,82.3733632625807,3.3651762385628934,5.786268608905128,85.16555328755263,34,2422,74,0.5804781112128246,2
M008,75.31675577701891,0.36023995075539283,5.371034464547574,53.00912821420556,81,2309,88,0.3571689146916343,3
M005,75.72954516159486,3.035817174319809,5.323308907856184,68.36031020341224,113,2359,66,0.5194836439535262,2
M010,81.05603110013494,0.7265753578418711,5.6862909744692605,77.1327882669144,120,3005,79,0.4438064952308806,2
M008,70.03251930655205,3.4639350196780665,3.9342730577137304,69.42351762023486,56,2595,60,0.5305077459999447,2
M006,81.84539610458565,1.8543856004021104,5.4097494849055945,82.99169611007062,39,2367,64,0.5240649391905842,2
M001,70.38389356534317,1.142586539050986,5.895109905438826,96.08455436677465,111,1031,82,0.46580626017351534,2
M010,87.10865340736002,3.3755403976055485,6.248093836257415,68.95677739867173,73,2378,83,0.5583331017853684,2
M006,74.96663754877981,2.72070314542493,4.937441946786907,64.36084049695178,130,624,63,0.500936271705258,2
M010,77.20365334914155,2.077729025412414,5.258370105713405,60.070429916285065,68,2215,64,0.4735641961382647,2
M008,77.90711292310523,3.192750731985025,4.658945001317897,67.92480664379808,38,3762,61,0.5387248514677008,2
M007,86.99033234884931,3.9078866761524376,4.660989989255224,75.49710770884255,89,2947,58,0.6080306258084763,2
M003,79.00032102320077,3.433722252510748,5.311734405454738,74.65286909984964,98,1631,82,0.5343986354966709,2
M010,67.93306186435026,4.161337760560908,5.250577257996362,40.978169643181424,140,1898,87,0.4602942698235982,2
M010,76.2095544134335,0.40233377989836927,5.613007217991327,70.06577736365107,80,2937,83,0.4058094762552915,3
M004,76.03159083986075,3.8054976096024373,4.997998512600217,88.8351051942618,126,3268,70,0.5907890535745547,2
M008,65.00397166559223,1.7200075159176917,5.416427303953478,93.57193718924204,89,1318,51,0.4999366188143754,2
M003,82.86750710244243,2.073884963073884,4.531232954270644,78.192927196738,100,4374,57,0.5309162878854005,1
M006,81.84899768405144,3.379722122969431,5.111704888343277,75.54621618396791,138,1319,82,0.5499684444984926,2
M008,76.10501825820972,3.0074043198071236,5.053452892842624,77.90312496380331,56,4608,93,0.5076870657125366,1
M007,75.36314304858986,2.316077200399277,5.316694299938803,70.27449473610277,53,4338,78,0.4923421386018766,1
M007,63.2511836086077,4.057676673043761,4.3324673369556175,50.12124025183202,87,923,89,0.46064226609690007,2
M004,71.50286230659052,2.4842153557197455,4.813027449590974,50.66142559558235,137,882,66,0.4500501077172816,2
M006,71.38546983389105,2.189107674102629,5.05214148049553,89.90494174545387,65,1922,65,0.5072251935460287,2
M007,81.42884387832646,2.9663350627683096,5.009872532335687,64.56512838217006,111,4951,51,0.5437083332012583,1
M001,93.88896316266144,3.1509066542775455,5.862337590721647,60.31505982858058,87,3822,95,0.5418910044189971,2
M003,68.21990902748443,2.124235197855668,4.902577136459383,72.30109974630243,39,726,52,0.4784270025147961,2
M006,76.27331503943402,2.82315450306291,5.518268401336444,62.30082184979036,135,880,71,0.49285007883399695,2
M001,95.57460013384235,2.094730537433594,5.080294915395116,85.72822568215204,147,2913,59,0.5785844670256642,2
M007,88.3258718372178,3.986483774350946,4.6037192043301625,74.9225677953003,90,2941,59,0.6077752881714541,2
M009,85.89946177591393,2.7093759426828186,5.058023897161402,62.92648376442585,83,4038,88,0.4978387302258529,1
M008,90.80143728791914,2.698414220117574,4.8400406616954115,78.37935813492349,113,1025,50,0.5849615095112058,2
M008,75.58901061612254,3.3642165372702304,5.32720284562457,58.639857012843464,52,4396,91,0.49134148494402313,1
M010,83.80486700151728,3.3588785425412895,5.023774732723624,75.86241602973233,135,1076,64,0.5747905991346157,2
M006,77.24366510187065,2.5916400827330044,5.543068810938474,69.27784839884339,42,2899,74,0.4965052157077386,2
M004,85.61979501536081,0.06909828042817145,5.181452162822223,76.22909202775365,62,1287,95,0.4140951859688532,2
M010,70.87059270452043,2.569347051654791,5.5809874896864065,64.13931594108242,49,2239,79,0.4597551414214068,2
M004,90.73004632586617,1.3803560102186085,4.848017529046662,72.95389582276236,42,4466,96,0.479572355227001,1
M001,72.70181775865723,3.7827755124594105,4.37695455381443,75.46948689542195,33,3123,70,0.5490705860820608,2
M005,72.61616623957778,1.455981658184571,5.074906483667765,81.06554096579748,64,3937,62,0.4670339839249772,1
M001,69.14829124819036,0.5390168492551979,4.735696100126647,84.05487829808891,77,2088,61,0.43666512704602223,2
M001,92.12315745120871,3.3674085162400518,5.398309396589074,83.86816492395106,58,2790,53,0.6213210799416445,2
M008,72.43065752134271,2.2704345223189932,4.536686792444217,68.51729840723576,134,3860,51,0.4984337417844929,2
M008,92.2376373218729,2.0926678526622955,4.396469269542421,72.38060929570312,36,3983,72,0.5309000037809556,1
M003,76.79221921128742,2.564184368096249,5.495511754286403,62.84415923455519,91,1438,98,0.4574815672281701,2
M008,77.85862762704481,2.8767119623976907,5.01291565591113,78.02663214466392,53,4520,94,0.5105151031030032,1
M001,86.19294000399748,2.617709441589551,3.954055849096074,64.19185843926056,118,4159,66,0.5337076791769702,1
M002,95.3138423339608,2.907654830745248,5.1742469763658665,72.31311402297595,62,908,82,0.5716675756593305,2
M006,67.19951877329378,2.176695072144042,5.047337948974417,74.11008062046744,48,4534,50,0.4888267291534775,1
M002,74.24776813089066,3.9750204654099273,5.080292325718695,78.86192995946764,79,4014,75,0.57073170209228,1
M003,80.64717322980505,2.752296581188714,5.140443614406357,74.87640775607947,40,2393,71,0.5293153346939958,2
M009,54.29885514746026,1.2205164473448413,4.670980135335187,86.24605710183695,78,4036,50,0.430022418237603,1
M001,84.83043377206116,1.7339253218414319,4.96220058426803,60.82691883796538,111,4543,67,0.4790736732429493,1
M001,76.07290657041891,3.0957662843651597,4.304416842238472,59.93198664992806,127,4992,76,0.49953248485475965,1
M003,69.58018241645429,1.2440969500320687,5.526542794743813,74.82481705577003,147,3720,71,0.44060338169312385,2
M003,62.286294268307856,4.689463847961989,5.973941428554974,65.07380768029459,110,4082,68,0.5271740064205434,1
M008,61.908184091723705,3.5525736492228064,4.286911621632611,52.66717068172103,130,1469,64,0.46710993919539046,2
M005,57.844295243316644,1.8858795820159797,4.652018211011637,59.14497634040934,116,2071,79,0.38604975288022264,3
M002,66.63968695601184,2.011036309944842,4.492111358013258,72.93581077905301,113,2559,73,0.4454474090088296,2
M010,70.50448120071574,2.8272429678173454,5.86540882533317,75.37133295252447,64,3050,78,0.4965369678908067,2
M003,74.78368507094174,1.8534542893637698,5.123810302587925,61.252709234406396,44,888,54,0.47045365286535684,2
M009,53.689825073347585,2.21515584139983,4.892717090994081,73.5730465448166,85,2108,82,0.41746012010801237,2
M005,73.18262654793811,2.796451982232119,4.727982867196677,64.42205350280757,128,3305,84,0.48146117528224597,2
M005,49.32178572236567,3.8221932917486443,4.90498069197586,60.620631949172626,107,4183,94,0.4300987567040334,1
M010,63.682674127414245,2.2987914123642006,5.021060060257534,80.3712967318477,94,1449,90,0.454399827302413,2
M002,80.74017414645265,4.438569654193585,4.382703481174672,79.98549436555008,49,4860,89,0.5918633317415857,1
M010,94.046458427226,1.7959222870279044,4.842564309085338,57.24253262452428,108,526,72,0.5023066307947357,2
M003,76.39094086147001,2.532083231427984,5.4823537303041014,62.980513914575944,90,1514,97,0.45717257266773126,2
M006,66.01099634119032,2.1553995363088654,4.956795981308225,79.7424779460558,76,3637,93,0.45119539759692345,2
M007,65.75337170492571,2.6796018506225163,4.847617982317204,61.85360840086734,52,4216,67,0.4575633590154765,1
M004,90.20387892518073,2.135706800237983,4.733028524379416,77.45017705499501,111,1864,54,0.5502778612174133,2
M003,54.91574323851171,1.616591770474662,4.622403070149629,67.6940988508787,108,3422,97,0.35640264450214026,3
M003,79.25186126714225,3.2291091724671603,5.309211626952793,73.50523500794512,98,1713,82,0.5348988141702714,2
M007,85.616564541131,2.5012571693503136,5.221997570109904,77.92489769792122,81,4362,87,0.5289109282272283,1
M008,77.5642606875732,2.9244025074919815,5.032618488943319,77.5004957513206,53,4574,93,0.50964800508828,1
M008,83.59553415556198,1.668093700372897,5.432473246902433,82.95841296227316,147,3107,65,0.518868646077889,2
M008,85.69892628846955,3.3949801818584042,5.110160019492299,80.96259349857897,83,4328,61,0.5866315664655419,1
M002,72.32401387783955,1.72009079510509,4.497027430395069,70.48609637054794,134,1036,84,0.4388623322245137,2
M008,90.50960943002686,3.2263853650400547,4.939316148015721,84.01342161417256,137,1588,69,0.5907661132298885,2
M001,99.24997616290948,1.5422531558459758,5.780946013109488,65.49991686571461,53,4748,95,0.48987228438735975,1
M007,74.62476950479795,3.031670629290714,5.433674774801772,66.39190091052015,44,3621,67,0.5105191948698237,2
M007,76.06292044599566,2.6523230837443372,5.231749967431214,67.39918815064179,93,4088,95,0.47809359775599997,1
M002,70.66384623712504,3.968844514295816,4.943668840111924,74.58923467997234,134,2920,95,0.5233334054509371,2
M001,79.91625702509282,2.9334543255964443,5.963516476877247,72.86539300015406,89,1795,69,0.5266539193759205,2
M001,60.825762405624324,1.9930625645402928,4.602250015348849,54.04804939863992,70,2434,69,0.4013870541122204,3
M006,71.77577291319542,3.241791230710491,5.3993802100041,78.06030188470186,134,3583,85,0.5233623469968376,2
M010,74.39523795921656,1.8896034166744762,4.935438903614623,70.4914630180876,145,779,69,0.4713681293403773,2
M010,83.69966491931491,3.3282053641822507,5.004307975529301,76.53127161230888,133,983,64,0.5794238413922277,2
M010,66.85559972744892,4.091179543500648,5.239374546822147,41.165991017469956,138,1825,87,0.45849705442500904,2
M006,69.4188837963356,0.8724039775552944,4.532994767063188,81.78712380646459,81,2837,59,0.45294755263213915,2
M006,78.54529140304322,2.561774705809309,4.5230010067509365,80.68585325950507,131,3227,57,0.5359517966629681,2
M007,81.27947031922153,2.39723779406431,4.958041210436689,65.18750458813277,102,3841,69,0.49724010578226996,2
M009,63.036056627556874,2.9363938857722114,3.662440521160505,76.94961997935334,140,3974,95,0.45886899294966105,2
M001,73.47379331113493,3.514432702489925,5.343754364692771,74.43968824161668,103,2245,76,0.5335209854947577,2
M008,82.15144854983411,2.6621433191740627,4.928545952677264,61.19527876004891,32,3153,92,0.49108039613644966,2
M006,82.08421736553937,3.4225688689839595,5.1002461432775394,75.15333083761737,137,1515,82,0.5472460188859055,2
M005,77.7899864750958,2.7187705308441252,4.987686417913704,74.18567869648443,135,4157,88,0.4991172095402771,1
M007,76.88692459380641,3.5729356837576933,4.512066950743509,66.42760327654493,123,3614,88,0.5182523198702962,2
M009,76.53071217482022,3.267175701527257,4.308923889111288,75.75387692106732,37,2988,96,0.5179807302883992,2
M007,78.37627785256758,3.0065822736403787,5.614697219343063,70.67992005805218,46,1387,56,0.5427848305034655,2
M007,99.90307284519915,2.562876209452191,5.599082655228922,55.17744510329895,33,2639,53,0.5560975453503414,2
M008,58.95291083308398,2.7149171459861625,4.744336310432619,64.31857961937577,77,2057,73,0.4445768002746354,2
M001,62.38728340750323,1.2677076639407436,4.554702115976141,53.07291708207733,127,2024,96,0.352356220152662,3
M005,78.1487025648836,1.8088141729011729,4.7569384678096,73.9713480915102,148,698,89,0.47310337854643925,2
M010,65.80007767566035,1.2664699046499714,5.916774934392791,76.42711886111148,81,1371,94,0.40868298924727714,2
M005,74.44212281751436,1.6977439441661772,5.775762043851873,50.62202548811173,105,982,66,0.42957343554790933,2
M002,83.02330327029586,2.7917207818438854,5.13784791764648,74.91055439711145,111,1986,73,0.535922844559636,2
M002,99.82682708458843,2.515808709934634,4.427542983328262,84.66977892457537,137,1359,52,0.6185073945651485,2
M001,65.217579253298,3.22832454254298,4.762825331543993,91.97761138636983,48,1144,99,0.5114043924218858,2
M004,86.74734851971768,1.9039521773545063,5.4479141255772925,76.91474281774981,64,3110,89,0.503687153384479,2
M005,74.72018321994643,1.7885121573542686,5.828245054759612,50.59653618463727,102,1035,66,0.4268502635985851,2
M005,79.69655850454569,3.802566747195337,4.685831250702494,65.24665237542293,142,3461,50,0.5689601767905104,2
M001,70.37562925294678,3.2879798092866155,5.600233120681173,73.08517128066619,111,1756,74,0.5195695707651891,2
M001,70.70026369018314,2.670099517302809,4.8171942222260435,53.23378350039042,45,3084,53,0.4660291369821083,2
M002,101.59139668804478,3.119211584332582,5.76448400557402,69.37200399532446,82,3046,73,0.5916823219660019,2
M007,69.33430151365552,2.6990696896413553,5.300856043552117,49.2277211994437,117,4350,59,0.4579403290775484,1
M001,72.54784490618738,3.806438351687904,5.2135757031944845,67.38184169587888,70,4644,85,0.519444136465361,1
M002,70.07943792056639,4.624414591053536,4.640176855357485,73.9991457287287,71,2307,63,0.5787142549576503,2
M009,63.175780474187135,1.970516841913656,5.879726091797574,82.31455359850676,61,3507,50,0.47775442088530506,2
M002,82.04118790829784,4.84407291771507,5.470789174491445,64.92119371382886,92,1646,87,0.5799799578100602,2
M001,93.80684264108866,1.5554194294225834,5.010748493996904,71.77369411893497,68,1133,51,0.5293866150415162,2
M004,82.72440224605789,4.776572559972544,4.836853416909169,75.61790911239044,87,2020,53,0.6389421062218189,2
M002,75.24268493611228,0.6422289818925158,4.907908890207282,52.72618754998163,106,3707,97,0.3579276087614518,3
M010,66.88038717650966,3.264740247463989,4.950251722006746,65.17725176994902,49,4542,54,0.5109090116878129,1
M006,78.14679899085712,0.46968386367540865,4.751585407119914,67.34143022627137,38,4500,53,0.43470435481725234,1
M009,72.8060779173588,1.9729899566109792,5.072610690321321,68.46766337289408,139,2866,66,0.4703979634164554,2
M003,89.44229347213637,3.1946620080868757,4.429271459801461,65.16597947502561,41,4391,61,0.5628338440896561,1
M002,84.32229739971312,2.523609255036584,4.735478220805142,56.07762774000411,66,529,76,0.4860449752580241,2
M007,66.11594683152927,2.255712308654717,5.43776995544141,55.96300518607664,93,1999,96,0.4004488135199477,3
M009,68.05294113626898,1.6929287074085788,4.289769147857161,80.35883933849223,69,1458,78,0.4568781107720539,2
M009,60.84352772791787,3.8876436857222325,4.222272372439891,94.8183938454877,100,3824,92,0.5357983149850087,2
M008,94.54005445569041,2.315162635171516,4.935919631713157,88.86910423368559,139,4528,98,0.5478965716501075,1
M004,61.9490198364754,1.8498177012961856,4.610152137032151,68.10618956792838,93,3381,57,0.43339081931615336,2
M006,61.7373160645311,2.80457169785607,5.211967034755611,79.46648618283986,122,4439,58,0.5027026879951144,1
M004,62.96670676817733,4.534720184378381,3.8240826631893325,57.00011920622859,110,963,83,0.5006913210551157,2
M005,83.07272524353574,1.196944767107827,4.860020621217427,60.205562054677124,100,4997,67,0.44563963959514175,1
M010,84.99963590497025,2.8151039674826746,5.607923059690528,75.08492892727374,131,4206,61,0.5594416036615704,1
M009,59.25457824654533,2.9386083923183595,4.462611618498966,77.63706246953673,30,3232,58,0.49085830253304985,2
M008,76.90227974626168,1.6154748490293998,4.81893645840501,85.5993174723269,59,2487,56,0.510499380795638,2
M008,77.65471546341315,3.035917682591335,5.083918630545513,62.99752384009694,147,1130,70,0.5147546149936042,2
M004,81.83286318202295,2.0887148443295027,4.669017016806728,61.98569739802,44,3666,51,0.497467146033715,2
M005,90.11414922833612,2.8739413164151935,3.7773261074157505,72.66598765788345,43,1108,92,0.5398177059805824,2
M006,77.27404729952592,1.2334294485079782,5.613340101460567,75.0879796521486,66,4441,61,0.47152568721414967,1
M006,81.5579791128257,2.690032216405468,4.112868064462252,65.77965330792098,138,737,71,0.5037522637847672,2
M008,65.44401045641919,2.283670913539301,5.697188677646599,76.21138280503318,119,4094,67,0.469538775556126,1
M001,85.04152001864695,1.5119435444015017,5.658525573180961,68.49996344535555,56,2986,81,0.47040695763312607,2
M002,101.4478896001055,3.150877268706026,5.736213198902604,69.49138315684037,84,3086,75,0.5924170503822905,2
M007,66.16581559659743,2.9434904861598317,5.158095292305102,62.13573556818558,140,4043,98,0.4419711017634988,1
M002,77.66357632389727,3.3352861771191415,4.942294109026899,84.54445179509419,61,2568,72,0.5616573497642112,2
M004,87.44343311810016,0.03585798575682818,5.013933624456753,58.73507823282364,48,1042,74,0.40772425938702866,2
M004,76.01356981582104,2.3679422302806965,5.6549029845923195,73.0375923870574,93,2198,69,0.4845719488928125,2
M003,67.64294135014161,2.637538984371866,5.248079343393949,82.96167757666935,44,2040,84,0.48888180919106994,2
M009,82.92758825273175,1.9922455802934638,5.133274033393735,78.85747623664116,141,4456,50,0.5328495296897386,1
M004,85.46744024356958,1.927318992118286,5.4012926488724196,77.3884407545173,61,3047,89,0.5039642211315069,2
M003,78.25165441680858,1.7090993121717222,5.4989044308929005,72.41520734927582,90,2096,65,0.48202143213909265,2
M004,82.62421297817335,3.454317126295209,6.205434297091696,69.70737032696655,47,576,78,0.5512214262674168,2
M010,68.25674615177797,3.7273300836954535,5.200778900953434,84.16951739956923,42,2124,64,0.5610800320259917,2
M008,78.57333003836948,4.281876147078613,4.855515493423952,77.53081141424276,133,4871,50,0.6084179048228773,1
M008,63.84703142125238,2.7944873332167273,5.212496419138167,72.67576797689921,148,4443,65,0.4896299931186192,1
M005,72.88924979873516,3.995366477838831,5.031519921624557,53.458010281092676,95,3683,95,0.49474831474837544,2
M010,100.95910502908013,1.409899960632619,5.132568701384724,92.42775106844293,49,2890,85,0.5573185286707065,2
M001,80.95263186374464,2.4529556216021504,5.344468031817786,50.47447461568309,106,4831,67,0.4845938637238586,1
M007,77.60637444577665,3.5777007933781464,4.489420890479781,66.71960010317453,124,3644,85,0.5190838661831,2
M002,81.24006633973836,2.2814052645053544,4.326473468159387,67.40444631048626,30,4036,83,0.49377070501510156,1
M007,58.85551767621989,1.8377617763979452,5.146884318414706,71.51054962219708,90,1470,95,0.39599776980259355,3
M004,70.28986717832387,3.355382388628975,5.4297961686902125,73.59769227198738,97,1354,59,0.5316668314390006,2
M009,53.63766644167888,3.9521643180388795,5.170152736851884,84.9283175050901,86,2791,79,0.5079039719744745,2
M006,68.07272033783975,2.6817338914206887,5.192654594813085,81.11862593438876,132,1697,93,0.47597372429588963,2
M007,84.93992305824256,1.7581338325994398,4.462883999467301,67.67690102859363,42,4888,92,0.4706217047286201,1
M010,87.40580670744117,3.3954375499723457,5.355745965952933,66.59658740096997,45,1021,71,0.562871833502254,2
M003,88.33289889017814,2.756297595247377,5.4341778646672605,62.639483788811475,95,3433,52,0.5375962368060128,2
M008,67.18585271819047,2.1904608485696055,4.626190917280029,70.9825388091753,57,823,89,0.4357354684853102,2
M008,61.85515013622422,0.8492543377762946,5.636480384589198,70.98633414803398,51,4950,81,0.37973871199353615,1
M004,82.28635699435249,2.8805470526331054,5.105659829585598,40.645241075087846,103,1334,80,0.4597512563408908,2
M003,74.11005660906712,2.1860343038569128,4.407061818857497,60.597931336094874,70,2467,78,0.4515599075617007,2
M009,62.1402764692387,3.455385556741776,5.317739157689138,75.4343304675743,133,1993,51,0.522701489565544,2
M005,79.72478218250056,4.646203108011201,5.366349536064231,66.00508997112642,144,3180,88,0.5698309705035361,2
M009,75.9351083945251,1.7195468099057514,4.789271381225375,58.64890957718549,149,1547,77,0.4352786978726576,2
M007,90.31388931878713,1.8820068434912618,5.374344533755092,83.22693166094224,111,2365,63,0.5506379225838708,2
M006,64.95246661427299,2.3994541405511054,4.7102288931018625,63.97221205245552,138,4392,66,0.44901445562198117,1
M003,92.5006731984482,3.223117664492967,4.811122188858614,65.30662223410708,111,3066,60,0.5754152724372341,2
M010,63.769512546954196,1.0843424980080034,4.7503091927547105,71.30387600735631,30,3513,82,0.3892527632583184,3
M010,95.12016259923358,2.0362177022679884,5.88195228265782,75.13913632847284,66,980,82,0.5390430170407277,2
M007,70.57162281004115,0.9294150465462573,5.556238880060496,61.81443466406046,94,4222,83,0.39273195894872115,1
M009,70.7099123041915,1.5227078452141236,5.581411200642169,78.27683299268833,64,3522,58,0.47131571380284565,2
M004,74.04167691992659,2.6163799081788883,6.286441584611499,71.01707779952476,120,2278,64,0.4966448277274404,2
M003,75.35767601518289,3.837015559287873,5.084095579336502,55.09571651266673,125,3020,78,0.5104900443215887,2
M005,78.88489053636351,3.50265335683494,4.996875327150747,70.49638807737081,147,4616,93,0.5319104305227407,1
M003,54.739856183871765,1.582429513299235,4.526044227095245,69.66087434530188,134,1917,52,0.4143470770555045,2
M010,83.46683562398906,2.259957353447609,5.130414759626508,75.81181242126395,99,796,91,0.512524848792999,2
M010,85.97958243555959,2.698830986613074,4.066000945489644,56.338056555689846,108,1609,82,0.5021645230075905,2
M008,78.37159470669933,1.7327218904028598,4.70043077266894,43.14816395137877,79,1137,87,0.4001709378848438,3
M004,82.41769294249772,4.782074754460211,4.814290733651206,74.19540244660485,87,2089,55,0.6411047039046565,2
M010,63.9113800470727,2.5636036875539623,4.182394340040327,60.137377327151185,31,2204,77,0.4435547006618871,2
M003,75.5461866143438,3.875479515565083,5.130607694103981,54.340379474124354,127,2941,76,0.5062083984670316,2
M007,69.44365583905122,2.0825065706776176,5.090542269244424,57.4679789045801,32,502,62,0.4390058844850905,2
M010,81.77892414354223,3.124360673656019,4.8334252581043735,74.86318952265516,30,1978,67,0.5478021289544323,2
M009,75.9149885844674,1.7995575502092507,4.937027052903143,86.33835346792824,37,4825,65,0.5110786479039263,1
M001,76.47123139355696,2.898382418110455,4.0387511168421835,74.93458486136683,131,3961,91,0.5034998434816723,2
M008,82.46786062714573,3.2217122523091275,4.476659940006494,61.88422395220043,122,2253,76,0.5283016754148482,2
M007,65.92219539391336,-0.12417059544833241,4.1138634855022485,64.51844040917663,124,3121,53,0.36319985338804733,3
M004,78.08451228965441,3.121947345506182,5.514317675418444,58.891234955293775,110,3088,82,0.4888272784249554,2
M002,83.22239946361606,3.697783905854665,4.87700197209205,70.6012309006064,111,2067,98,0.5425987298473048,2
M010,76.32962259540321,2.0504178199791645,5.294537852565896,60.59294240855554,72,2251,64,0.47152949649960246,2
M008,85.72469625441168,0.8555488973521486,5.473750322099243,72.55160026178797,148,1827,55,0.48121814163165183,2
M005,68.6492078598987,1.2017112933968348,5.313426593703108,66.90529484493696,72,3771,77,0.40920345060276697,2
M010,64.19362706643767,2.473880067771799,3.9505884914231184,80.59398004710468,39,3599,65,0.4863613016627266,2
M002,82.46181844897761,1.8070623426515584,5.579028633234659,58.54934276868783,74,1397,84,0.4614659542872621,2
M008,71.62492925540522,2.426318759672459,5.29879518171971,83.51336117002447,119,1431,73,0.49762656224825175,2
M006,78.94538078799683,2.757699419541285,5.25708881613236,65.74100937335633,51,3416,81,0.5062135091262029,2
M005,76.63393398601741,2.388250797771638,4.6063554948612895,75.5681030455387,89,4849,89,0.48162302872922147,1
M007,85.48724607486594,2.3543082470065455,5.548220543400417,68.24260244056363,38,2194,62,0.5183481210003693,2
M009,99.16301841063628,4.001711065947829,5.522109665769346,73.88805031528688,76,3382,62,0.6382606778554193,2
M010,74.18853937809072,3.4789860195019076,4.894008979828835,65.29686111725327,38,623,72,0.5197355842041267,2
M009,65.92152344892659,3.155662888429126,5.407337043936592,78.83415161931728,105,3862,90,0.48931864401631975,2
M003,57.296114104527256,2.7463862099010266,5.433240707302275,79.47335948638921,138,3706,97,0.4431772662587002,2
M005,76.46609405236731,1.6882614709447785,5.8139383928259205,56.771235009177126,122,3166,62,0.4505303329995754,2
M007,77.54194898941866,2.706395021354166,5.226740452512278,67.28591266194778,93,4038,95,0.47791859013511195,1
M002,85.72880222402988,2.596008615090855,5.305956728439087,59.365966426224176,66,2375,98,0.48537809075497323,2
M008,72.26884659501509,4.4472196769063395,5.185423931269405,58.37905228432114,86,2823,76,0.5401402766476486,2
M010,87.62866219299747,2.1602650309558147,4.674831509475629,76.97332877800581,61,3324,57,0.5421872622536392,2
M002,78.22902950358882,4.541358484432099,4.794260777153457,80.97882607632376,115,2639,75,0.5982696641146671,2
M002,83.90609612929089,3.0788978305472994,5.3117794776299565,76.2237597111645,149,935,92,0.5310330230490137,2
M002,59.79046659970907,2.1438265109852948,4.32943773655613,91.07194337025835,123,3814,98,0.4508850728723124,2
M003,79.61854072133274,3.392409428023386,5.351338268129749,73.88016311086598,97,1623,82,0.5346241606691159,2
M005,91.60576070827749,1.7566113477437983,6.358620635578103,82.88821103377931,141,2438,54,0.5657332306299804,2
M008,77.20530571357986,1.3503703114763115,4.8061333122924905,61.59609213789919,73,732,51,0.46367173807554457,2
M007,74.24762866452541,4.389641043103358,4.766265243306122,87.61419604673276,129,4172,78,0.5988700240772128,1
M010,63.89163359541992,0.7361260407444775,4.859892744564925,70.98038937182544,90,2723,74,0.3968641667801686,3
M005,97.88281818583582,1.2817885725938065,5.001016757325926,63.9581157008489,75,4541,93,0.4809887736318087,1
M006,70.27729694364868,3.593868859197213,5.067898530903297,71.77914746280283,42,1506,95,0.5002466451866802,2
M002,79.33185984607893,2.751029154658426,4.432423414321429,70.54079083576177,55,1384,97,0.4910118380857537,2
M001,67.91181575790522,3.2718648861881685,4.773055959163587,76.80876858088885,94,4680,57,0.5305450161073149,1
M003,78.2708220237773,1.3794344271147296,4.532444893359551,75.52327373260646,51,4481,78,0.46144019857684687,1
M004,73.8409314792659,1.298424726116353,6.040836244652242,78.4406017098794,54,2658,51,0.4841174216481051,2
M010,73.13372175099443,0.7514985925533276,5.547910383027892,67.04263711641838,47,3903,81,0.40161618961090084,3
M008,75.51040305160257,2.2470728797185697,4.398411290801101,69.68114485045645,60,2861,65,0.48701384836936623,2
M010,73.43289509019516,3.846529172125297,4.448590072572482,67.43422409493192,43,2096,91,0.5238763377972047,2
M009,75.2480457787708,1.8843137637347176,4.9114595338257265,85.48318624629601,37,4842,63,0.5146673635865193,1
M008,96.7677206636401,3.913236989366617,5.154633184346682,69.45683250354085,112,3779,98,0.5989672462702175,2
M003,66.66756586545075,3.414374228433854,5.4229138545479705,77.71706627568184,87,1797,98,0.48680378605852126,2
M006,77.75462777912203,1.3231174818436553,4.804311193369477,76.81385292897849,117,2199,53,0.490690971962109,2
M009,86.52381079660329,2.8613077100182966,4.882969560728568,38.94254979188304,142,1050,77,0.47407666377766317,2
M001,63.26045310468222,-0.2687841611598965,5.937283394391646,71.36611200309997,124,891,86,0.33157364702706826,3
M005,85.39222103430461,2.776189446834687,5.75980658291604,61.58320799472136,96,1851,91,0.49844043191696263,2
M009,72.96044644973425,2.446685033356181,5.603907988111678,79.06934178196333,129,1909,68,0.5054719865733253,2
M001,76.25456787445812,1.872951817509952,5.101844759523462,59.96295515041979,142,4877,70,0.44779630768548684,1
M009,65.65251461562488,3.2580562783589233,4.379168060651381,80.54217789375821,125,864,95,0.4851944645757554,2
M007,62.771794624967924,0.07691949622773955,5.403744218659736,59.71538377595685,61,2757,57,0.3486593077545739,3
M001,65.60468847413843,2.7419764845683665,4.061218980193788,70.82440533429178,60,1254,97,0.44437995986736284,2
M001,71.02035781062122,1.9344515411309438,4.993267007572075,80.04180825514224,95,4783,62,0.4921367933223561,1
M007,81.55230246894288,2.349192544135843,4.992439560859803,65.6759199703634,98,3795,68,0.49412507140449746,2
M002,59.02873232890467,2.0260154760014726,4.308026228913969,71.6526627981374,108,3082,68,0.4300809586121754,2
M005,57.56240262013388,2.659572356475621,4.814540258098651,70.20408311754271,61,989,93,0.42408885947774555,2
M005,79.5556916556255,3.6225659039204228,4.851275984340926,69.81886362952837,119,2237,64,0.5590887888337662,2
M005,82.52109178789335,1.7802446560543748,5.227447620644081,72.26227868632515,62,1113,87,0.48467522569528754,2
M007,96.21980409376565,2.2045307818382396,5.369395132910246,84.59508548827051,86,2645,79,0.571026002617253,2
